lat,lon
-23.5633723,-46.6782804
-23.5455333,-46.5663888
-23.5457536,-46.5663459
-23.5456671,-46.566097
-23.5454466,-46.56614
-23.5273007,-46.5769501
-23.5569597,-46.750093
-23.5373131,-46.6843487
-23.535308,-46.6882476
-23.5528955,-46.5647469
-23.552211,-46.5645495
-23.5508642,-46.6967618
-23.5657001,-46.6834399
-23.5270296,-46.6806689
-23.6525319,-46.7337329
-23.6313559,-46.7057252
-23.5135921,-46.6546907
-23.5252608,-46.5467876
-23.5705674,-46.7060178
-23.5520829,-46.6383065
-23.5522952,-46.6380059
-23.555258,-46.6351745
-23.5530529,-46.6349356
-23.5526102,-46.634712
-23.5428079,-46.6391582
-23.5472396,-46.5738229
-23.5630465,-46.6708263
-23.5524717,-46.6275473
-23.5525049,-46.6275166
-23.5524103,-46.6275785
-23.5937983,-46.6778126
-23.5592263,-46.6891582
-23.5369328,-46.65159
-23.5394139,-46.6502864
-23.6026846,-46.6937609
-23.6075795,-46.6931384
-23.6241305,-46.679635
-23.5579392,-46.663391
-23.5567439,-46.6301628
-23.5597761,-46.6310636
-23.5402673,-46.6506528
-23.5438102,-46.5575259
-23.5566344,-46.6760952
-23.5403697,-46.5949969
-23.6013061,-46.6439567
-23.5982878,-46.6425464
-23.6021811,-46.6418185
-23.6038622,-46.6421897
-23.603854,-46.6442837
-23.6033707,-46.6443752
-23.6040723,-46.6445172
-23.6015715,-46.6440351
-23.5967934,-46.6423796
-23.5970589,-46.6445254
-23.5988282,-46.6441714
-23.597645,-46.6424628
-23.598509,-46.6425751
-23.573439,-46.6422711
-23.5498087,-46.683097
-23.5503074,-46.6896958
-23.5476092,-46.6891653
-23.5483583,-46.6325764
-23.5571585,-46.6755567
-23.4885123,-46.749261
-23.4894678,-46.7299148
-23.5543387,-46.6763723
-23.5327518,-46.7274374
-23.5534694,-46.6857999
-23.5314267,-46.669153
-23.530971,-46.6707284
-23.5372244,-46.6782558
-23.5530479,-46.6883078
-23.5553763,-46.6880427
-23.5581626,-46.6885148
-23.5533916,-46.6884007
-23.5539938,-46.6887695
-23.5531822,-46.6901237
-23.5523057,-46.6901706
-23.5508777,-46.6901345
-23.5882375,-46.6305984
-23.6256776,-46.6851401
-23.623071,-46.6823715
-23.5560548,-46.7130349
-23.558273,-46.6372529
-23.5580327,-46.6339058
-23.5578592,-46.6339305
-23.5713193,-46.6561324
-23.5707183,-46.6547996
-23.5720041,-46.656532
-23.5723191,-46.6568567
-23.5731694,-46.6577096
-23.5732236,-46.657738
-23.5743125,-46.6587299
-23.5744157,-46.6592894
-23.5686122,-46.649197
-23.5689928,-46.6491029
-23.5695453,-46.6494263
-23.5703788,-46.6484915
-23.5682526,-46.6502366
-23.5662154,-46.6525925
-23.5662178,-46.6529364
-23.5659178,-46.6530161
-23.5660082,-46.6535446
-23.5702482,-46.6547807
-23.5693382,-46.6566993
-23.5698287,-46.6567898
-23.5701061,-46.6571529
-23.57033,-46.656999
-23.5710717,-46.6564156
-23.6275979,-46.6745107
-23.6336574,-46.6908932
-23.613501,-46.6780297
-23.6144994,-46.6787416
-23.5930986,-46.6370091
-23.5704874,-46.6459263
-23.5246382,-46.7328202
-23.5402542,-46.690438
-23.6055093,-46.6927139
-23.6039527,-46.6770159
-23.6044222,-46.6753368
-23.634987,-46.7118861
-23.5897587,-46.6804604
-23.5520663,-46.64585
-23.4925752,-46.6941444
-23.4817222,-46.5011301
-23.5839605,-46.7252342
-23.5895476,-46.629629
-23.5072768,-46.4888
-23.5072832,-46.488896
-23.5057039,-46.4883229
-23.5060779,-46.4883814
-23.5073523,-46.4904087
-23.4909821,-46.4791444
-23.5077848,-46.4923408
-23.4930706,-46.4807
-23.4931444,-46.4810648
-23.5076518,-46.4901904
-23.4724428,-46.7423819
-23.5856413,-46.6705447
-23.6616802,-46.7795267
-23.6616586,-46.7797444
-23.661682,-46.779429
-23.5022441,-46.4647837
-23.4876052,-46.6776388
-23.6019727,-46.6624822
-23.55457,-46.6475706
-23.547662,-46.6458516
-23.5356548,-46.7022009
-23.5372407,-46.7063805
-23.5368904,-46.7064316
-23.608311,-46.6027307
-23.5871151,-46.6409433
-23.5615009,-46.6550971
-23.5510136,-46.6490556
-23.5509945,-46.6489897
-23.5451017,-46.6929352
-23.6058938,-46.618681
-23.5332759,-46.6828222
-23.466885,-46.6400197
-23.6000019,-46.6728095
-23.5789245,-46.6288611
-23.5666506,-46.6512405
-23.5464307,-46.6509966
-23.56674,-46.6516575
-23.6002344,-46.7953291
-23.6244732,-46.6627979
-23.5697743,-46.5874652
-23.5666808,-46.5876372
-23.5676258,-46.5887709
-23.6446596,-46.7032002
-23.5881009,-46.7391163
-23.5890243,-46.7376957
-23.5871674,-46.7370388
-23.5871585,-46.737011
-23.6116455,-46.6284905
-23.5947018,-46.6522327
-23.5680732,-46.5880018
-23.5673847,-46.5885988
-23.5672472,-46.5881842
-23.5686408,-46.5885151
-23.6525778,-46.6587144
-23.6407891,-46.6672546
-23.6459882,-46.6637999
-23.6243754,-46.6625207
-23.6243068,-46.6619786
-23.5560353,-46.6586169
-23.4760563,-46.7035
-23.4767008,-46.7042671
-23.4878647,-46.6977762
-23.4845936,-46.7006968
-23.6104103,-46.6862755
-23.6107495,-46.6861843
-23.6121194,-46.6791748
-23.6130385,-46.6800063
-23.6136136,-46.6825383
-23.6140806,-46.6819643
-23.6123389,-46.6804327
-23.4336759,-46.7145275
-23.5820894,-46.5926246
-23.5715115,-46.5904587
-23.5782691,-46.5862801
-23.5788223,-46.5866206
-23.5782729,-46.5872695
-23.5773625,-46.5916788
-23.5725112,-46.5873406
-23.5652343,-46.5948972
-23.574306,-46.5861645
-23.5818436,-46.5900581
-23.5664223,-46.597925
-23.5541192,-46.6027853
-23.6265494,-46.7368655
-23.6307664,-46.6047713
-23.558203,-46.6873584
-23.5439211,-46.4440081
-23.5705398,-46.6984329
-23.5560155,-46.6584189
-23.5568208,-46.6590068
-23.5326133,-46.6707794
-23.5532238,-46.6550407
-23.5521679,-46.6530923
-23.6110649,-46.6206336
-23.5963456,-46.5748192
-23.6026981,-46.6178521
-23.5512952,-46.6785332
-23.613946,-46.6174006
-23.6139133,-46.6170756
-23.6260222,-46.6190165
-23.5853031,-46.679712
-23.5885272,-46.6628498
-23.5331194,-46.6773515
-23.5339183,-46.6729498
-23.5341983,-46.6725904
-23.5367844,-46.6687367
-23.5356725,-46.6704075
-23.5343877,-46.6723838
-23.5830802,-46.6813934
-23.6177092,-46.6052825
-23.5806762,-46.6385537
-23.6135744,-46.7427228
-23.615086,-46.7403467
-23.6322537,-46.6046353
-23.5879874,-46.6427407
-23.5948748,-46.6377249
-23.5577098,-46.6400676
-23.6533442,-46.6805678
-23.5981196,-46.5708303
-23.5961654,-46.5722729
-23.5990804,-46.5748723
-23.542335,-46.6405953
-23.6445184,-46.6969172
-23.5042342,-46.6397315
-23.6074323,-46.6950648
-23.5936667,-46.6246335
-23.6064819,-46.6919521
-23.6042045,-46.6662238
-23.5943447,-46.6829915
-23.5585802,-46.6593523
-23.6907253,-46.7102963
-23.6048846,-46.6936599
-23.6094226,-46.6946409
-23.596665,-46.3978612
-23.5849678,-46.4017466
-23.536867,-46.6881497
-23.5363208,-46.6890509
-23.607119,-46.693815
-23.607553,-46.693256
-23.5541744,-46.6476537
-23.5974519,-46.6402969
-23.6070881,-46.6932918
-23.6065235,-46.6916047
-23.6102054,-46.6951179
-23.5790056,-46.6292751
-23.6080859,-46.6924935
-23.740812,-46.6851822
-23.7409495,-46.6853431
-23.7325569,-46.6969956
-23.7356484,-46.6881298
-23.7140166,-46.6984757
-23.6063555,-46.6925517
-23.594901,-46.6832743
-23.5956015,-46.682703
-23.5976268,-46.6868041
-23.5981602,-46.6855729
-23.5985731,-46.6843659
-23.5991827,-46.6834057
-23.6007115,-46.6796131
-23.6773928,-46.6750568
-23.552837,-46.5992495
-23.6334281,-46.6254581
-23.5376629,-46.650621
-23.5415619,-46.6585951
-23.5404375,-46.6515966
-23.5404843,-46.651402
-23.5405779,-46.6510335
-23.5422847,-46.6716229
-23.6088504,-46.638091
-23.4824265,-46.4939152
-23.5346958,-46.5684671
-23.5631795,-46.7520225
-23.5406643,-46.5661623
-23.5398531,-46.5650604
-23.5428226,-46.5649613
-23.5481346,-46.5631388
-23.5474675,-46.5614305
-23.5528867,-46.564338
-23.5481609,-46.5684632
-23.5481707,-46.5685705
-23.5481218,-46.5682913
-23.5415368,-46.5708241
-23.5439277,-46.5642189
-23.5462069,-46.5739851
-23.5262217,-46.5269904
-23.5272344,-46.527935
-23.527441,-46.5314434
-23.5227709,-46.5315507
-23.5323084,-46.5167189
-23.5022827,-46.6305363
-23.5561062,-46.6581768
-23.554896,-46.6568895
-23.5560324,-46.6914081
-23.5403924,-46.5915606
-23.557468,-46.647419
-23.6040659,-46.6593843
-23.6038937,-46.6592412
-23.604397,-46.6590508
-23.6046011,-46.6586969
-23.6046793,-46.6587721
-23.5958023,-46.6222063
-23.6047153,-46.658493
-23.6062121,-46.658417
-23.6101732,-46.6368689
-23.5786027,-46.6063135
-23.5787238,-46.6084539
-23.4413054,-46.7207661
-23.4323082,-46.7199721
-23.4492206,-46.7349086
-23.4499051,-46.7352042
-23.4569384,-46.7663482
-23.503796,-46.6545878
-23.5284532,-46.7024611
-23.525621,-46.6832605
-23.525739,-46.6832179
-23.5047902,-46.6881273
-23.6295979,-46.6669438
-23.6175733,-46.6720382
-23.6263026,-46.6697338
-23.6906333,-46.708622
-23.5781141,-46.6199869
-23.6084184,-46.669167
-23.5414622,-46.6711804
-23.5782645,-46.7417196
-23.5568061,-46.6589269
-23.6069887,-46.6591651
-23.6222207,-46.6402275
-23.6108983,-46.6342709
-23.6109303,-46.634253
-23.5368304,-46.685749
-23.5426946,-46.6824589
-23.5540368,-46.6942699
-23.562291,-46.6557866
-23.6067567,-46.6559845
-23.4970579,-46.5857438
-23.4971447,-46.585793
-23.6177661,-46.6388713
-23.475572,-46.7036317
-23.5344276,-46.6233605
-23.5788647,-46.6292693
-23.5305373,-46.6002778
-23.6092519,-46.6940811
-23.5406709,-46.6077125
-23.5554726,-46.6890611
-23.5555979,-46.6889686
-23.5571758,-46.6892535
-23.4982352,-46.5965595
-23.540221,-46.5903787
-23.4953774,-46.5780578
-23.4864487,-46.605631
-23.593377,-46.6839873
-23.5287534,-46.7023194
-23.5280034,-46.6980842
-23.5281178,-46.7032071
-23.5279162,-46.7040253
-23.5277644,-46.7039042
-23.5034163,-46.7578254
-23.5239965,-46.6898729
-23.5240882,-46.6898553
-23.6352051,-46.6581106
-23.6371365,-46.6581106
-23.5806123,-46.6416403
-23.5815293,-46.6410446
-23.5814633,-46.6412231
-23.5780264,-46.6411375
-23.5781213,-46.6411638
-23.5779356,-46.6411241
-23.5801984,-46.6417918
-23.5815389,-46.6380531
-23.5831663,-46.6413424
-23.5852519,-46.6363002
-23.5825731,-46.6405538
-23.5772887,-46.6405354
-23.566354,-46.6508719
-23.566686,-46.6512751
-23.5567596,-46.658877
-23.5513788,-46.6507134
-23.5515453,-46.650771
-23.5510626,-46.6492444
-23.5642418,-46.6219069
-23.5983314,-46.682728
-23.5541488,-46.5608249
-23.554616,-46.5594677
-23.5470535,-46.5636209
-23.6096965,-46.6185874
-23.5734282,-46.7318019
-23.531925,-46.681915
-23.5056436,-46.5942655
-23.5657964,-46.6829178
-23.5648805,-46.6813098
-23.5669063,-46.6880392
-23.5733376,-46.6439306
-23.5716948,-46.643503
-23.5931985,-46.6294663
-23.5524627,-46.6777042
-23.5274152,-46.6080293
-23.526845,-46.6074871
-23.5343649,-46.399689
-23.5055506,-46.5982388
-23.5400121,-46.4500874
-23.5468571,-46.652288
-23.546653,-46.6520949
-23.5520824,-46.6524347
-23.5286833,-46.61239
-23.530415,-46.614051
-23.4808205,-46.60056
-23.5255481,-46.4345687
-23.5872978,-46.6790486
-23.5687594,-46.5668889
-23.4799003,-46.5805865
-23.5834375,-46.6418609
-23.5834486,-46.6419239
-23.5832647,-46.6415657
-23.5783443,-46.6411901
-23.5825443,-46.6429446
-23.580144,-46.6439345
-23.5804038,-46.6438205
-23.5790936,-46.6421497
-23.5785902,-46.6419407
-23.4867359,-46.5791103
-23.5964985,-46.6482547
-23.5527926,-46.6454482
-23.5825377,-46.6481033
-23.5594457,-46.6804974
-23.5889776,-46.6455294
-23.5846768,-46.6466844
-23.6044977,-46.636464
-23.6061623,-46.6415406
-23.5757478,-46.6483351
-23.5441205,-46.6062107
-23.5571957,-46.6894165
-23.4947914,-46.6113053
-23.6212029,-46.6021481
-23.5622275,-46.6600729
-23.5351293,-46.622471
-23.5126223,-46.5264086
-23.5794374,-46.6444394
-23.5801307,-46.6463411
-23.5791744,-46.6444985
-23.5779231,-46.6435704
-23.5780296,-46.6426384
-23.5588939,-46.6611783
-23.5567682,-46.6586691
-23.5568564,-46.6587637
-23.5147465,-46.7161156
-23.5500752,-46.6460297
-23.5550206,-46.6882884
-23.5548993,-46.6887802
-23.4504382,-46.5723901
-23.5242943,-46.6036357
-23.5424337,-46.644194
-23.5420736,-46.6452777
-23.5429187,-46.4950024
-23.7732062,-46.7065777
-23.7730711,-46.706534
-23.7729478,-46.7064942
-23.5186067,-46.6142678
-23.5320575,-46.6492623
-23.5322332,-46.649244
-23.605945,-46.6390751
-23.6041838,-46.6372059
-23.6090454,-46.6382637
-23.532264,-46.6491781
-23.5742819,-46.6456793
-23.4080275,-46.7378861
-23.5266604,-46.607218
-23.5355012,-46.4560451
-23.4905742,-46.5798228
-23.531213,-46.6223769
-23.532792,-46.6011952
-23.533837,-46.6007251
-23.5343042,-46.6004999
-23.5362689,-46.5996458
-23.5364622,-46.5995613
-23.5366441,-46.5994698
-23.5368765,-46.5993645
-23.5374427,-46.5991093
-23.5378908,-46.5989082
-23.537777,-46.5991286
-23.5593998,-46.4834758
-23.6026944,-46.7107867
-23.530771,-46.6028436
-23.5954311,-46.6699086
-23.5952326,-46.6694466
-23.5823377,-46.680428
-23.5826168,-46.6812622
-23.5576837,-46.6356457
-23.5576858,-46.6355505
-23.5301705,-46.6751064
-23.5316804,-46.6737517
-23.5655754,-46.6511596
-23.6429865,-46.6655288
-23.6455791,-46.6642361
-23.5394125,-46.6566313
-23.4871071,-46.6048629
-23.619195,-46.650352
-23.5905124,-46.530069
-23.5651641,-46.7009351
-23.4867053,-46.6062568
-23.5108956,-46.5904
-23.5850869,-46.6798124
-23.5735702,-46.6448324
-23.6021186,-46.6832563
-23.557249,-46.6820695
-23.6015151,-46.6673344
-23.5600439,-46.6926205
-23.5658501,-46.6534196
-23.5037869,-46.7397334
-23.5565628,-46.692614
-23.5567295,-46.6925818
-23.6655101,-46.6896976
-23.5564237,-46.6636985
-23.5631649,-46.6931328
-23.4934192,-46.4440289
-23.5563886,-46.6820371
-23.5562561,-46.6750006
-23.5569396,-46.6763198
-23.5823817,-46.7631884
-23.5585451,-46.6747443
-23.558675,-46.6746873
-23.5818844,-46.7639073
-23.5606941,-46.7353664
-23.6013274,-46.6456233
-23.6015707,-46.6445022
-23.5891892,-46.7719661
-23.6252706,-46.6843332
-23.6678717,-46.7380441
-23.6721885,-46.7443022
-23.6614559,-46.7360534
-23.636108,-46.6447351
-23.6469144,-46.658639
-23.6469095,-46.6585411
-23.6469402,-46.6583708
-23.5639749,-46.6838299
-23.5315085,-46.6816988
-23.5277983,-46.7044953
-23.5272137,-46.7034864
-23.528957,-46.6788351
-23.530118,-46.679073
-23.5300137,-46.6792683
-23.5289274,-46.678945
-23.5394736,-46.6831112
-23.4879365,-46.7198587
-23.559903,-46.7299929
-23.561541,-46.6706392
-23.5559542,-46.6749939
-23.5567629,-46.6760213
-23.5590534,-46.4891169
-23.5591116,-46.4889224
-23.559093,-46.4889847
-23.5590356,-46.4893067
-23.5623317,-46.5737133
-23.5588352,-46.6747615
-23.5612135,-46.6741351
-23.5673723,-46.569646
-23.5659073,-46.5696604
-23.5664015,-46.5695196
-23.4982536,-46.5958652
-23.4788414,-46.3847102
-23.5278546,-46.6191538
-23.5318961,-46.6203235
-23.6168387,-46.6493784
-23.4973473,-46.6259674
-23.530651,-46.6156717
-23.5304136,-46.6154472
-23.5262651,-46.6120996
-23.5255186,-46.6140076
-23.5294456,-46.62898
-23.5311848,-46.6249813
-23.5299574,-46.6249823
-23.531098,-46.6247996
-23.5320201,-46.6246927
-23.5282447,-46.6274172
-23.5240961,-46.6065882
-23.5116125,-46.594137
-23.5119848,-46.5944322
-23.5268874,-46.611747
-23.5291226,-46.613838
-23.5180977,-46.5936258
-23.5222621,-46.5930087
-23.5266567,-46.6188468
-23.519813,-46.5148815
-23.523375,-46.5132879
-23.5581082,-46.6638099
-23.495929,-46.4498903
-23.4966866,-46.441999
-23.4999819,-46.6122378
-23.499652,-46.6123468
-23.4999221,-46.6062194
-23.5421747,-46.6062125
-23.5416279,-46.6047368
-23.5265066,-46.6061071
-23.5264203,-46.6064511
-23.5329353,-46.6135624
-23.5621432,-46.6389122
-23.5594552,-46.6378987
-23.5361573,-46.6023226
-23.5276733,-46.6102688
-23.5393625,-46.6094176
-23.5398128,-46.6102968
-23.6598997,-46.7556202
-23.5147318,-46.7173897
-23.5141956,-46.7211394
-23.5150175,-46.7165956
-23.5095077,-46.5928433
-23.5065306,-46.5962705
-23.6274183,-46.5985068
-23.6222984,-46.7550042
-23.6221976,-46.7548714
-23.5927566,-46.6841592
-23.4967958,-46.5793786
-23.5107439,-46.5867976
-23.5138551,-46.5864022
-23.6230318,-46.7377016
-23.6308006,-46.7357138
-23.6240378,-46.7341367
-23.6243955,-46.7341508
-23.5126402,-46.5910019
-23.5131081,-46.5899497
-23.5210505,-46.5920448
-23.5234835,-46.6169889
-23.53552,-46.6102894
-23.534348,-46.6116486
-23.5344554,-46.6117574
-23.5383131,-46.608382
-23.5539942,-46.6172248
-23.4892781,-46.5846637
-23.5345371,-46.6026904
-23.5054236,-46.6042772
-23.5326691,-46.6215408
-23.5342186,-46.6210462
-23.56649,-46.6891261
-23.5334426,-46.6295824
-23.5336192,-46.6286106
-23.5152455,-46.6083673
-23.5145135,-46.6100701
-23.5142946,-46.6105314
-23.5141567,-46.6108642
-23.5178118,-46.6102971
-23.533126,-46.6472867
-23.5977751,-46.6654267
-23.5480211,-46.6189578
-23.4948169,-46.5842441
-23.4864196,-46.5780309
-23.4865366,-46.5783518
-23.5378451,-46.5840364
-23.5305469,-46.6208933
-23.6335568,-46.632254
-23.5316252,-46.621438
-23.5383497,-46.6014356
-23.5387233,-46.6040144
-23.5388816,-46.60499
-23.5387886,-46.6042269
-23.5354801,-46.616705
-23.5307178,-46.6243232
-23.5294582,-46.6239481
-23.5308833,-46.6242993
-23.5310282,-46.6250038
-23.533752,-46.622083
-23.5311739,-46.6232641
-23.5275709,-46.6190037
-23.5339718,-46.6219419
-23.5304743,-46.6181612
-23.5306153,-46.6182589
-23.5293937,-46.6170989
-23.5316106,-46.6107068
-23.5295392,-46.6132313
-23.5311158,-46.6134569
-23.5301163,-46.6103714
-23.5317225,-46.6154812
-23.5300935,-46.6122498
-23.5313988,-46.6104434
-23.5306617,-46.6097118
-23.5129415,-46.6079441
-23.5344389,-46.6047572
-23.5187376,-46.6110389
-23.5420302,-46.606079
-23.5398832,-46.6063967
-23.6056513,-46.5167172
-23.505509,-46.607083
-23.5098416,-46.5953857
-23.7787135,-46.6844264
-23.5874365,-46.6818162
-23.5880274,-46.6840231
-23.529667,-46.6360978
-23.5282456,-46.6356383
-23.5335244,-46.6374268
-23.5287118,-46.6391166
-23.5256113,-46.6408023
-23.5237641,-46.640583
-23.5348614,-46.6302528
-23.5333034,-46.6295304
-23.5332026,-46.6299986
-23.5404265,-46.6220637
-23.5331961,-46.6187908
-23.5409838,-46.6179193
-23.494897,-46.5923433
-23.5402254,-46.6173942
-23.5364601,-46.613286
-23.5318356,-46.6155591
-23.5644988,-46.6803676
-23.5665739,-46.6853309
-23.5675075,-46.6876068
-23.5678632,-46.688752
-23.5620841,-46.6805072
-23.5617423,-46.6807993
-23.560125,-46.6819144
-23.5492949,-46.6445758
-23.5251208,-46.6282553
-23.5248537,-46.6083945
-23.5256789,-46.6080246
-23.536428,-46.6049809
-23.5373067,-46.6052545
-23.4949159,-46.587631
-23.5257722,-46.6133459
-23.4813411,-46.5718898
-23.4809993,-46.5712037
-23.483033,-46.575092
-23.482008,-46.5733194
-23.4822099,-46.5733717
-23.4820671,-46.573459
-23.5599929,-46.6775239
-23.4933128,-46.5914512
-23.4904953,-46.5890633
-23.6229449,-46.7012982
-23.4867503,-46.5904982
-23.4951481,-46.5779271
-23.4968985,-46.5937871
-23.4917705,-46.5901407
-23.5154705,-46.61051
-23.5031587,-46.6089687
-23.5054831,-46.5988406
-23.5218775,-46.5911748
-23.5224259,-46.5899307
-23.5242409,-46.5899706
-23.5092432,-46.5922358
-23.4978171,-46.594478
-23.4977601,-46.5899215
-23.498522,-46.5898772
-23.575844,-46.625065
-23.5795405,-46.6257186
-23.5781268,-46.6211623
-23.5781597,-46.622696
-23.5788954,-46.6181953
-23.5934787,-46.5935983
-23.5969714,-46.5903877
-23.5243063,-46.5902798
-23.5244192,-46.5901145
-23.5238098,-46.591008
-23.5236815,-46.5912383
-23.6118997,-46.4732071
-23.5313527,-46.6364154
-23.5317763,-46.6349073
-23.5311518,-46.6380243
-23.5144126,-46.6076423
-23.5791039,-46.6114815
-23.4937732,-46.5832649
-23.4857295,-46.5723801
-23.4852858,-46.5714471
-23.4849682,-46.5707766
-23.4838913,-46.5686007
-23.4835864,-46.5679554
-23.4826931,-46.5664197
-23.4827831,-46.5881146
-23.4821733,-46.5660057
-23.4749811,-46.5700628
-23.4630527,-46.5806623
-23.4630556,-46.5805364
-23.4822466,-46.5831943
-23.4861811,-46.5783961
-23.502328,-46.6003616
-23.5620149,-46.5980739
-23.5362596,-46.6032775
-23.534675,-46.6024244
-23.5539207,-46.4926556
-23.4916636,-46.5781053
-23.5679321,-46.6493765
-23.4920397,-46.5733025
-23.5175228,-46.5920551
-23.5194269,-46.5888822
-23.5206275,-46.5874138
-23.5325882,-46.6117465
-23.4821818,-46.5732139
-23.498548,-46.519454
-23.5078788,-46.5426216
-23.5079636,-46.5426894
-23.5246702,-46.4777923
-23.5251645,-46.4788805
-23.5250319,-46.4785084
-23.524866,-46.4785384
-23.5090773,-46.4775045
-23.5198179,-46.5938617
-23.5554189,-46.6737694
-23.5528509,-46.658938
-23.5517098,-46.6568919
-23.5500668,-46.6537574
-23.516777,-46.5900373
-23.5565773,-46.7329393
-23.5665332,-46.6856289
-23.509504,-46.592439
-23.5120536,-46.5863581
-23.5362353,-46.6094786
-23.567464,-46.5884078
-23.5681414,-46.585937
-23.5641911,-46.5900782
-23.5577942,-46.5807758
-23.5584562,-46.5802166
-23.5591034,-46.582149
-23.5585033,-46.5804931
-23.559545,-46.5830948
-23.558291,-46.5833654
-23.546026,-46.5920024
-23.5461681,-46.5921271
-23.5503717,-46.5084698
-23.5498311,-46.5080584
-23.5493266,-46.5020921
-23.5432637,-46.41316
-23.5422726,-46.4195285
-23.5158727,-46.5833976
-23.4464279,-46.6900709
-23.5301765,-46.6627507
-23.5295003,-46.6633132
-23.4731037,-46.5780547
-23.5091473,-46.5923899
-23.6307895,-46.6393786
-23.6306396,-46.6392606
-23.5412882,-46.7166403
-23.5263168,-46.6417048
-23.5601285,-46.6429489
-23.5266185,-46.6427947
-23.5242234,-46.6440946
-23.5241634,-46.6439974
-23.5232384,-46.6446273
-23.5224712,-46.5927057
-23.5230429,-46.5918074
-23.5155029,-46.5946569
-23.5498093,-46.6451364
-23.5503688,-46.6451046
-23.5504533,-46.6453592
-23.5501573,-46.6451834
-23.5499505,-46.6453105
-23.5500135,-46.6452273
-23.5467537,-46.6392177
-23.5575585,-46.6456233
-23.5571061,-46.645685
-23.5592248,-46.6465156
-23.5588093,-46.646529
-23.5582883,-46.6463456
-23.5568553,-46.6467266
-23.5590083,-46.6466551
-23.5480167,-46.5901652
-23.6066904,-46.6214046
-23.5292339,-46.4785295
-23.5485675,-46.5383464
-23.548983,-46.5358412
-23.5484114,-46.5372587
-23.5475827,-46.5394702
-23.5480634,-46.5391349
-23.5611158,-46.7167171
-23.5389331,-46.6878439
-23.5783744,-46.6413053
-23.5688171,-46.6471224
-23.578957,-46.6409809
-23.5572882,-46.6629785
-23.557854,-46.6633002
-23.5739568,-46.6419944
-23.6113471,-46.6366548
-23.5783228,-46.6427218
-23.577939,-46.642715
-23.5673758,-46.6590783
-23.5410967,-46.6821556
-23.5236826,-46.5936592
-23.5136955,-46.6633077
-23.5140664,-46.6607274
-23.5146293,-46.6555768
-23.5126876,-46.5881952
-23.6212806,-46.6344893
-23.5291607,-46.4976486
-23.5630503,-46.6825837
-23.5394089,-46.6842393
-23.620592,-46.6363552
-23.6210731,-46.6341876
-23.6211311,-46.6331141
-23.6218629,-46.6306565
-23.606211,-46.6365625
-23.6089268,-46.6369856
-23.610954,-46.63695
-23.6116073,-46.6366431
-23.6064583,-46.6409688
-23.6062583,-46.6414338
-23.7192102,-46.6818344
-23.5997847,-46.6260278
-23.5823521,-46.6866036
-23.5469555,-46.5415139
-23.5351235,-46.6202833
-23.5346441,-46.6036879
-23.4992792,-46.622643
-23.5599638,-46.6293128
-23.567531,-46.6219409
-23.5823723,-46.6761683
-23.5824215,-46.676517
-23.5886866,-46.7275957
-23.6569426,-46.7171933
-23.6433322,-46.7332627
-23.5965494,-46.6477333
-23.6134588,-46.6020746
-23.6144292,-46.6088991
-23.6260972,-46.7364831
-23.6134741,-46.7422316
-23.5544378,-46.7097191
-23.5033095,-46.7524265
-23.5035183,-46.7523724
-23.9488092,-46.7273389
-23.6287852,-46.7354197
-23.5071477,-46.7096306
-23.6348905,-46.7275357
-23.6338369,-46.7288947
-23.6333086,-46.7290181
-23.5442478,-46.6572191
-23.5230912,-46.522578
-23.5229324,-46.5140468
-23.5827486,-46.6841124
-23.5079958,-46.4292372
-23.5541913,-46.6469574
-23.5230134,-46.5322413
-23.5231295,-46.5325042
-23.525785,-46.5206823
-23.4381016,-46.7289522
-23.4377426,-46.7288229
-23.5569546,-46.6882497
-23.5242552,-46.6415921
-23.5247733,-46.6411221
-23.5308614,-46.6381604
-23.4795171,-46.6140096
-23.5538686,-46.6532148
-23.5554257,-46.6558957
-23.4806103,-46.6893352
-23.5662998,-46.6630328
-23.5673434,-46.7003452
-23.5415597,-46.6508106
-23.5415706,-46.6502293
-23.5530035,-46.6565065
-23.5926857,-46.6815694
-23.5606236,-46.4742841
-23.5629487,-46.474606
-23.5558496,-46.4781813
-23.5411371,-46.6062416
-23.5466424,-46.6504728
-23.4832465,-46.5907541
-23.4912764,-46.5965958
-23.4947195,-46.5980707
-23.4961767,-46.5982746
-23.4771608,-46.5804569
-23.4764444,-46.5793989
-23.4766632,-46.5794965
-23.4727807,-46.5714941
-23.4786689,-46.5775576
-23.4788007,-46.5774777
-23.4825646,-46.5741237
-23.4824315,-46.5742245
-23.5185508,-46.6110088
-23.5172546,-46.6112957
-23.5154,-46.6081517
-23.4852045,-46.5693868
-23.4737772,-46.5755498
-23.4850123,-46.5831009
-23.4878504,-46.5799071
-23.4838726,-46.5848278
-23.4814253,-46.5939522
-23.4812515,-46.5940849
-23.4812556,-46.5972584
-23.4900943,-46.5835068
-23.4912906,-46.5911725
-23.4939302,-46.5918558
-23.492934,-46.5935472
-23.4933825,-46.5831123
-23.4893701,-46.5876169
-23.5007326,-46.5890288
-23.5680376,-46.6886448
-23.5565657,-46.6638449
-23.5566942,-46.6639534
-23.5381497,-46.6214835
-23.5365137,-46.5881312
-23.5382056,-46.6021215
-23.538347,-46.6012521
-23.5371311,-46.5923677
-23.5356053,-46.6388779
-23.5524212,-46.6346355
-23.5279091,-46.5091005
-23.523448,-46.5129401
-23.5242793,-46.5064792
-23.5379982,-46.5988471
-23.5360362,-46.5859045
-23.535074,-46.5791855
-23.5351031,-46.5789677
-23.5351903,-46.5770505
-23.5353159,-46.5756226
-23.5351333,-46.5754469
-23.5357141,-46.573742
-23.5353368,-46.5702686
-23.5351018,-46.5693153
-23.5350292,-46.5691645
-23.5346523,-46.5682911
-23.5327902,-46.5633208
-23.531753,-46.5602673
-23.5305316,-46.5560837
-23.5309102,-46.5578042
-23.5122013,-46.6060334
-23.5136561,-46.6089572
-23.5148057,-46.6067578
-23.5134557,-46.6093043
-23.5163077,-46.6107553
-23.524028,-46.61507
-23.5130864,-46.6248424
-23.5098144,-46.6247645
-23.5094511,-46.6247621
-23.5061527,-46.6246229
-23.5053308,-46.6245968
-23.497426,-46.589902
-23.4906001,-46.5798482
-23.4905711,-46.5801643
-23.4905036,-46.583024
-23.4932589,-46.5769037
-23.4951625,-46.5758153
-23.5706847,-46.5876205
-23.5686391,-46.5839361
-23.5686538,-46.5830506
-23.5734092,-46.5808621
-23.5739113,-46.5802432
-23.5577336,-46.596537
-23.5574381,-46.5970652
-23.5393557,-46.5963953
-23.5384093,-46.5936788
-23.4710217,-46.5722982
-23.4673759,-46.5850736
-23.4780257,-46.5858518
-23.4746606,-46.5846816
-23.4745917,-46.5848477
-23.4745076,-46.5847592
-23.4679573,-46.5832532
-23.5722887,-46.7217076
-23.5719691,-46.7227659
-23.4807666,-46.5707016
-23.560103,-46.5916559
-23.6633227,-46.7081403
-23.5485561,-46.6453462
-23.5045315,-46.640359
-23.5099545,-46.6527073
-23.553244,-46.6550789
-23.5236915,-46.5212112
-23.5402157,-46.6431134
-23.5232186,-46.5202322
-23.5691597,-46.5660864
-23.5696081,-46.5664223
-23.5128487,-46.5851472
-23.5552154,-46.6410839
-23.5553528,-46.6414266
-23.6767559,-46.6514131
-23.6134396,-46.6021442
-23.5102337,-46.6253872
-23.5622346,-46.4999841
-23.554047,-46.6150836
-23.6159618,-46.6086737
-23.6160294,-46.6086978
-23.5799338,-46.6240743
-23.6210118,-46.6025333
-23.6335111,-46.7287268
-23.4916724,-46.5785766
-23.4930392,-46.6856035
-23.563465,-46.7121452
-23.5852,-46.6177326
-23.5857279,-46.6181383
-23.5889874,-46.5832542
-23.6438738,-46.5961856
-23.5244811,-46.6085824
-23.5663568,-46.743407
-23.5506946,-46.6066778
-23.5544747,-46.7080041
-23.550874,-46.6087093
-23.5853977,-46.3810799
-23.5428141,-46.430351
-23.543449,-46.4320226
-23.5565892,-46.447562
-23.5552257,-46.6040441
-23.5554671,-46.5998661
-23.5554074,-46.6003112
-23.5551957,-46.6043231
-23.553585,-46.6202592
-23.4825436,-46.5976834
-23.5563274,-46.5953052
-23.5946417,-46.6421512
-23.5309449,-46.6629599
-23.5619875,-46.7162721
-23.5231266,-46.5222396
-23.6039859,-46.6275918
-23.6039323,-46.6364281
-23.6038883,-46.6427776
-23.6038534,-46.6445352
-23.604081,-46.644806
-23.6038069,-46.6492584
-23.5433241,-46.6067256
-23.5437702,-46.6064372
-23.5308133,-46.6022557
-23.5339416,-46.600858
-23.5352539,-46.600288
-23.6192323,-46.6014485
-23.4873884,-46.6239998
-23.4815398,-46.6218692
-23.4815164,-46.6220736
-23.4801217,-46.6218672
-23.4795377,-46.6221146
-23.4754467,-46.619422
-23.4743318,-46.6188723
-23.6112859,-46.6370462
-23.6114354,-46.6364399
-23.6107435,-46.6381659
-23.5702422,-46.642794
-23.4560069,-46.6802861
-23.452153,-46.7133968
-23.4877521,-46.6219762
-23.487029,-46.6207194
-23.4836267,-46.6141691
-23.4836271,-46.6137948
-23.4823106,-46.6129545
-23.481709,-46.6125775
-23.4811809,-46.6117603
-23.4775939,-46.6105819
-23.4770879,-46.6104336
-23.4715303,-46.6178755
-23.4605793,-46.6156144
-23.5911283,-46.7536821
-23.5682874,-46.7575056
-23.653066,-46.7070513
-23.6854623,-46.6805749
-23.5553325,-46.6360778
-23.5903953,-46.6791108
-23.5841515,-46.6725097
-23.5489703,-46.6340033
-23.5241031,-46.6496469
-23.5413785,-46.6446625
-23.5588018,-46.6591008
-23.5576364,-46.6604181
-23.5575097,-46.6605668
-23.5572686,-46.661524
-23.5575987,-46.6611506
-23.5624185,-46.6556542
-23.5690493,-46.6468168
-23.5670011,-46.650147
-23.5686659,-46.6473237
-23.5658198,-46.664124
-23.5662205,-46.6674763
-23.6930722,-46.7907867
-23.6921248,-46.7905045
-23.6945031,-46.791486
-23.6866936,-46.7905088
-23.5554998,-46.615718
-23.5555671,-46.6145078
-23.6860166,-46.7906896
-23.5578577,-46.6356874
-23.5743963,-46.7269717
-23.5733932,-46.7364891
-23.5707253,-46.7405243
-23.5746989,-46.729893
-23.7345406,-46.6776337
-23.5719939,-46.7222917
-23.5718235,-46.7219179
-23.5752542,-46.7301217
-23.5739994,-46.7271157
-23.4824545,-46.6411359
-23.4809995,-46.6387851
-23.5031822,-46.6380376
-23.5952938,-46.6685049
-23.6083544,-46.6692566
-23.6066646,-46.670695
-23.6031622,-46.6670937
-23.6087579,-46.6692385
-23.60861,-46.6689702
-23.51503,-46.4547897
-23.5136601,-46.4439337
-23.5592115,-46.6668254
-23.5748755,-46.7289941
-23.629236,-46.7008869
-23.629038,-46.7007478
-23.4994016,-46.4224157
-23.5534862,-46.6554202
-23.5477022,-46.665134
-23.5477038,-46.6653596
-23.5479756,-46.6647753
-23.5479995,-46.6657474
-23.5480322,-46.6647533
-23.5480506,-46.6657645
-23.5482342,-46.6657598
-23.5487389,-46.6657524
-23.5540746,-46.6938731
-23.5530799,-46.6958815
-23.5551852,-46.6896456
-23.5510523,-46.6996363
-23.608718,-46.6945316
-23.6100755,-46.6953721
-23.5388104,-46.6520047
-23.5900008,-46.6803884
-23.6740378,-46.7437335
-23.6762535,-46.7522825
-23.5672421,-46.6679402
-23.5937609,-46.6847208
-23.5293955,-46.6291958
-23.5578703,-46.6914169
-23.5921061,-46.6794751
-23.5253191,-46.63619
-23.5275504,-46.6354773
-23.5978487,-46.6005897
-23.5531114,-46.6739889
-23.5549375,-46.6773215
-23.5549741,-46.6771019
-23.5228363,-46.5244216
-23.5515608,-46.6312349
-23.5544238,-46.6344296
-23.567014,-46.7434903
-23.5237172,-46.7372957
-23.5232765,-46.7363038
-23.5226188,-46.7354257
-23.5211815,-46.7268015
-23.5208744,-46.7259819
-23.5214304,-46.7237227
-23.5603949,-46.7200835
-23.5123604,-46.545784
-23.5082713,-46.5374471
-23.5331183,-46.6182622
-23.5559475,-46.6587636
-23.4831877,-46.5964241
-23.5412552,-46.6385952
-23.5412096,-46.6385424
-23.5799367,-46.6328556
-23.6246536,-46.6836561
-23.4592023,-46.6234776
-23.5598359,-46.6890638
-23.5636559,-46.6918718
-23.5428641,-46.6455743
-23.5427021,-46.6414635
-23.5544347,-46.6028036
-23.5462109,-46.5865498
-23.5651073,-46.6948473
-23.5442492,-46.6356184
-23.542276,-46.635299
-23.5446837,-46.635862
-23.5057963,-46.5296499
-23.5066937,-46.53276
-23.4527997,-46.7366788
-23.5369275,-46.6798833
-23.5464681,-46.6418431
-23.5544485,-46.6352614
-23.5426917,-46.6459799
-23.490598,-46.5958328
-23.5413539,-46.5752448
-23.5433234,-46.5745738
-23.5417578,-46.5746357
-23.5446224,-46.641057
-23.5511061,-46.5317268
-23.5720731,-46.7054749
-23.5992374,-46.7965018
-23.5663105,-46.5905624
-23.564383,-46.5920441
-23.5456215,-46.6397666
-23.5635808,-46.6860886
-23.5567455,-46.6883878
-23.5544228,-46.6900223
-23.5870325,-46.6795432
-23.583393,-46.681454
-23.503511,-46.5044042
-23.4831802,-46.579852
-23.4830233,-46.5798652
-23.4794058,-46.5724222
-23.5964478,-46.6684388
-23.6229907,-46.692716
-23.6077443,-46.4567052
-23.5768315,-46.6235035
-23.5770811,-46.6223172
-23.5664426,-46.669017
-23.5630497,-46.6671569
-23.5972615,-46.6680171
-23.5627486,-46.6695078
-23.5640992,-46.6791021
-23.5663802,-46.6797289
-23.5812091,-46.6798449
-23.4863829,-46.7568556
-23.4821833,-46.5002096
-23.6220569,-46.6285117
-23.6109524,-46.6322586
-23.5973126,-46.6370484
-23.6009928,-46.6248952
-23.593812,-46.7099169
-23.611611,-46.7063616
-23.6115248,-46.7062761
-23.5990049,-46.705249
-23.6111951,-46.7048828
-23.6111952,-46.7048266
-23.5965871,-46.6009928
-23.5970354,-46.6009138
-23.4955371,-46.6774905
-23.5562069,-46.6838859
-23.5826659,-46.6407823
-23.5956811,-46.6674068
-23.581769,-46.6742763
-23.5635755,-46.6324021
-23.538965,-46.6154283
-23.7019697,-46.7909681
-23.7020219,-46.7910383
-23.700917,-46.7893411
-23.6103418,-46.7270455
-23.6103741,-46.7035425
-23.5692182,-46.7158642
-23.5692892,-46.7159817
-23.570408,-46.7106799
-23.5703128,-46.7109827
-23.54061,-46.6147902
-23.5393992,-46.613234
-23.5379136,-46.61387
-23.5552879,-46.6403238
-23.5487497,-46.6426322
-23.6179796,-46.637624
-23.5821975,-46.6762953
-23.5291329,-46.6359242
-23.611647,-46.695058
-23.4993017,-46.6257218
-23.4995576,-46.6257684
-23.5558639,-46.63533
-23.5560072,-46.6353137
-23.5556877,-46.6353365
-23.5555862,-46.6337082
-23.55768,-46.635899
-23.5578539,-46.6355684
-23.5578544,-46.6355054
-23.5572962,-46.6891623
-23.5630015,-46.585364
-23.5512193,-46.6496797
-23.5421835,-46.6817639
-23.5510054,-46.6897219
-23.5675767,-46.4686949
-23.5679059,-46.4714742
-23.5654086,-46.4681834
-23.5685211,-46.4749645
-23.6345936,-46.7001912
-23.500801,-46.6258097
-23.5007429,-46.6257966
-23.5574416,-46.6442371
-23.5636925,-46.6326856
-23.5418908,-46.6368338
-23.5144805,-46.6520965
-23.514473,-46.6518391
-23.5722943,-46.6333135
-23.5698722,-46.6324167
-23.5691192,-46.6324787
-23.5722138,-46.6333544
-23.5689663,-46.6325955
-23.5670412,-46.6334863
-23.5735676,-46.6314799
-23.5599977,-46.6217072
-23.4864393,-46.6386591
-23.4736721,-46.6663649
-23.5104906,-46.4604264
-23.5111276,-46.4596717
-23.5439508,-46.6454307
-23.5437732,-46.6464638
-23.5439157,-46.6464843
-23.5618947,-46.6325779
-23.4949235,-46.5799732
-23.5445734,-46.6493928
-23.5047885,-46.6149793
-23.5016175,-46.6128657
-23.5419424,-46.6434649
-23.5078213,-46.5985074
-23.5078058,-46.5986443
-23.5521431,-46.6357374
-23.5530787,-46.6334259
-23.5583299,-46.6330561
-23.5139668,-46.6030801
-23.5141554,-46.6031881
-23.5150241,-46.6036682
-23.515374,-46.6038861
-23.62533,-46.6912728
-23.6139872,-46.686417
-23.5611464,-46.5842464
-23.5599814,-46.5871159
-23.5609598,-46.5846507
-23.5314829,-46.684295
-23.5256284,-46.6184882
-23.5556554,-46.6878431
-23.5656852,-46.6832463
-23.5578676,-46.6876054
-23.5663797,-46.6843405
-23.5511889,-46.6909489
-23.5529521,-46.6897304
-23.5551279,-46.6882032
-23.5565303,-46.6915344
-23.5585277,-46.6912208
-23.6382574,-46.6973502
-23.5597087,-46.6654883
-23.6561295,-46.6915983
-23.6582804,-46.6916641
-23.4814651,-46.5997554
-23.481558,-46.5995755
-23.515913,-46.6233128
-23.5155562,-46.6232842
-23.5168203,-46.6234802
-23.5155673,-46.6239024
-23.516467,-46.6234903
-23.5260155,-46.6671327
-23.52574,-46.6679025
-23.5254566,-46.6670033
-23.501126,-46.6212915
-23.5175653,-46.6051573
-23.5177875,-46.6052818
-23.5186157,-46.605771
-23.5136238,-46.6090463
-23.5589045,-46.6915257
-23.552903,-46.6982985
-23.5490322,-46.6453841
-23.4915903,-46.5848388
-23.4918498,-46.5845697
-23.5418732,-46.6450019
-23.5045668,-46.6065819
-23.5046607,-46.6063923
-23.5041011,-46.6076283
-23.598215,-46.6127364
-23.5534128,-46.6940585
-23.7005009,-46.7816346
-23.5734378,-46.7319063
-23.4897709,-46.5851914
-23.4946011,-46.5844334
-23.5704482,-46.6574171
-23.567838,-46.6295475
-23.5828145,-46.6541401
-23.5491537,-46.6463834
-23.4979643,-46.5857541
-23.4978507,-46.5858311
-23.5549796,-46.6928481
-23.5475934,-46.6412089
-23.5475113,-46.6408375
-23.5474837,-46.6406971
-23.5474825,-46.6406482
-23.5474216,-46.6404096
-23.547351,-46.6400858
-23.5653469,-46.6850484
-23.5934008,-46.6378655
-23.5466432,-46.6335151
-23.5472577,-46.6398767
-23.5467698,-46.6405048
-23.5470337,-46.6401714
-23.5470065,-46.6402063
-23.5465155,-46.6407264
-23.5464798,-46.6407531
-23.5462653,-46.6409132
-23.5461614,-46.6409909
-23.5456349,-46.6413826
-23.5455721,-46.6414289
-23.5453765,-46.6415731
-23.5453393,-46.6416005
-23.5443536,-46.6424914
-23.5806397,-46.6372554
-23.5812425,-46.6382171
-23.5808981,-46.638467
-23.5339352,-46.6874622
-23.546539,-46.641364
-23.5887056,-46.6755707
-23.5840626,-46.6753551
-23.5842586,-46.6755306
-23.5843205,-46.6751899
-23.5461401,-46.641333
-23.5840444,-46.6752936
-23.5839909,-46.6751246
-23.5679649,-46.6480845
-23.595162,-46.6662716
-23.5671534,-46.6790108
-23.6093674,-46.7469107
-23.5596763,-46.6692053
-23.5567961,-46.6575305
-23.5651377,-46.6851973
-23.5833547,-46.6738954
-23.6095803,-46.6590482
-23.5808226,-46.6385128
-23.6258269,-46.6608525
-23.5668012,-46.6793362
-23.5681911,-46.6489224
-23.5599986,-46.6995037
-23.5808247,-46.6792194
-23.5465557,-46.6448479
-23.5612831,-46.6939527
-23.5982965,-46.6127748
-23.5399844,-46.6366946
-23.5567973,-46.6590336
-23.6164993,-46.6179498
-23.616629,-46.6176483
-23.5622306,-46.6558687
-23.6163263,-46.6179071
-23.6161292,-46.6178253
-23.5053155,-46.6069572
-23.5381295,-46.6153159
-23.5386362,-46.6152941
-23.5368195,-46.6164584
-23.5467652,-46.6342513
-23.5817883,-46.6519658
-23.4895497,-46.5849531
-23.4892976,-46.5846914
-23.4894401,-46.5848361
-23.4913978,-46.5820362
-23.581166,-46.6513036
-23.4889212,-46.5842774
-23.488716,-46.5840508
-23.4881367,-46.5834204
-23.5667888,-46.6495262
-23.5381087,-46.6161189
-23.4950016,-46.5820675
-23.4950331,-46.5818372
-23.4951006,-46.5785146
-23.5402298,-46.6184754
-23.5411035,-46.6178617
-23.541146,-46.6178299
-23.5563591,-46.6927625
-23.5379187,-46.6159508
-23.5880026,-46.6452266
-23.5672653,-46.6905139
-23.5612611,-46.6441887
-23.5487487,-46.6322173
-23.5631875,-46.6673016
-23.5686539,-46.6909193
-23.5134619,-46.6344179
-23.5694667,-46.566197
-23.5694246,-46.5661902
-23.5426232,-46.6577352
-23.5426042,-46.6574301
-23.5423328,-46.6573864
-23.5365861,-46.581465
-23.5625581,-46.6817408
-23.5782165,-46.5598627
-23.5382896,-46.6197575
-23.535959,-46.6176438
-23.5373688,-46.6177711
-23.537355,-46.6201619
-23.5376871,-46.6203964
-23.6106208,-46.6925765
-23.5387922,-46.6194851
-23.6085212,-46.693935
-23.5596562,-46.6890465
-23.5380987,-46.6191284
-23.5385353,-46.6191422
-23.618498,-46.6758977
-23.5285496,-46.6122805
-23.53587,-46.6196397
-23.4838052,-46.7536286
-23.5372714,-46.6086983
-23.538746,-46.6057937
-23.5403602,-46.6312978
-23.5574274,-46.6890311
-23.5339328,-46.6123656
-23.5332104,-46.6140974
-23.5318763,-46.6153394
-23.5308243,-46.6239399
-23.530878,-46.6237239
-23.530892,-46.6236678
-23.5323184,-46.6153985
-23.5325997,-46.6153088
-23.54762,-46.6413449
-23.539919,-46.6528543
-23.54012,-46.652805
-23.5398259,-46.6530722
-23.5417934,-46.6487506
-23.5573812,-46.5852091
-23.5337615,-46.6125622
-23.5333686,-46.6130177
-23.5042705,-46.5922798
-23.6395589,-46.6074118
-23.6398775,-46.6076072
-23.5645518,-46.6804966
-23.594467,-46.6130842
-23.5363518,-46.6075493
-23.5365489,-46.6074889
-23.5360884,-46.606468
-23.556746,-46.687026
-23.610168,-46.6072124
-23.5755017,-46.6051441
-23.594513,-46.6141149
-23.5943296,-46.6144029
-23.5952122,-46.6143151
-23.5811392,-46.6006947
-23.5832631,-46.6055487
-23.5589493,-46.5682447
-23.5624225,-46.5732728
-23.5333491,-46.6106305
-23.5339322,-46.6099516
-23.5791808,-46.67498
-23.5378515,-46.6143347
-23.5702956,-46.6344306
-23.5695961,-46.6334231
-23.5461016,-46.6457633
-23.6623789,-46.7071502
-23.5323624,-46.6098696
-23.5483989,-46.6405455
-23.5643603,-46.6800158
-23.5637609,-46.6795512
-23.5794966,-46.6397609
-23.5049706,-46.626448
-23.5396913,-46.6132848
-23.5468555,-46.649712
-23.5147369,-46.4540529
-23.5641683,-46.6883936
-23.5472597,-46.6450299
-23.547665,-46.6390689
-23.5475292,-46.6389575
-23.5367365,-46.6209357
-23.5311343,-46.623418
-23.5318524,-46.6236342
-23.5390447,-46.6049995
-23.5403771,-46.643248
-23.5413149,-46.6444452
-23.5418706,-46.6457796
-23.5418679,-46.645882
-23.6812063,-46.7071484
-23.7943174,-46.7366226
-23.5449825,-46.5735269
-23.488998,-46.5944464
-23.4874428,-46.5773648
-23.5850061,-46.6853364
-23.5357892,-46.6246157
-23.5348857,-46.6245379
-23.595753,-46.6064446
-23.5345785,-46.6244296
-23.6206654,-46.6734651
-23.6187108,-46.6783679
-23.5939624,-46.7211447
-23.5447092,-46.641166
-23.5446907,-46.6411427
-23.5446679,-46.641114
-23.5475067,-46.6457071
-23.5475627,-46.6458169
-23.5489635,-46.6437522
-23.5450782,-46.6402185
-23.5452159,-46.6400583
-23.5691411,-46.6506248
-23.5475916,-46.6452477
-23.5385382,-46.6170722
-23.5385331,-46.6169607
-23.5394694,-46.6165244
-23.5678922,-46.6978363
-23.567894,-46.6977339
-23.5064611,-46.5891901
-23.5437135,-46.6381516
-23.5715928,-46.6404317
-23.6242511,-46.7337798
-23.5428678,-46.6387764
-23.5427429,-46.6385625
-23.5419322,-46.6369462
-23.5403275,-46.6372245
-23.5402709,-46.6371369
-23.54025,-46.6371044
-23.5401714,-46.6369826
-23.5399724,-46.6366746
-23.5407584,-46.63678
-23.540675,-46.6367489
-23.5970673,-46.6678673
-23.6701613,-46.7398049
-23.6228744,-46.6988267
-23.5407418,-46.6378797
-23.5410782,-46.6384068
-23.5440301,-46.6412835
-23.5444086,-46.6408051
-23.5443026,-46.6406593
-23.5439536,-46.6456624
-23.5963012,-46.6397354
-23.5442642,-46.6445248
-23.544674,-46.6454348
-23.5421697,-46.6432499
-23.5415953,-46.6391105
-23.5718995,-46.7051361
-23.5411727,-46.6392093
-23.5399553,-46.6372732
-23.5399346,-46.6372406
-23.5395515,-46.6378708
-23.7151238,-46.6787456
-23.7150508,-46.6783793
-23.7151134,-46.6787871
-23.7154144,-46.6781615
-23.7150204,-46.6786519
-23.5412612,-46.6364648
-23.5422848,-46.6450421
-23.54595,-46.6456628
-23.5510721,-46.6435828
-23.5392749,-46.6159194
-23.5834,-46.676095
-23.5588628,-46.6909718
-23.5546496,-46.6887071
-23.6131366,-46.7424792
-23.7012956,-46.7898995
-23.6969159,-46.7794912
-23.5684665,-46.6358309
-23.6002752,-46.665965
-23.6003602,-46.6660155
-23.6004005,-46.6660546
-23.6055151,-46.6692902
-23.5337668,-46.6174661
-23.5337317,-46.6174349
-23.5336433,-46.617359
-23.5330758,-46.6172671
-23.5269211,-46.6992375
-23.5351937,-46.6170948
-23.5547983,-46.6648783
-23.5379573,-46.6070518
-23.6032664,-46.667473
-23.6015468,-46.6658738
-23.6015125,-46.6655749
-23.6029545,-46.6669409
-23.5388984,-46.6191485
-23.540274,-46.6174861
-23.4702683,-46.7175413
-23.470283,-46.7177559
-23.5331334,-46.6166486
-23.5470699,-46.6348329
-23.5412068,-46.6392158
-23.5662733,-46.6528977
-23.5331903,-46.6189448
-23.5345158,-46.6190054
-23.5340684,-46.6189858
-23.4860028,-46.5819916
-23.657358,-46.6945931
-23.5582855,-46.6359355
-23.5664432,-46.6519685
-23.5489376,-46.6356269
-23.5639073,-46.6874614
-23.5522961,-46.6349249
-23.5440759,-46.6488346
-23.5542141,-46.6573896
-23.6294909,-46.6670384
-23.567676,-46.6950169
-23.5676821,-46.695385
-23.5438051,-46.6451089
-23.5445963,-46.6479852
-23.544444,-46.6488488
-23.5445955,-46.648745
-23.5443684,-46.6488459
-23.5821984,-46.6743206
-23.5827641,-46.6741279
-23.56493,-46.6853397
-23.5798938,-46.6145381
-23.5802872,-46.6150638
-23.571585,-46.6436216
-23.5351667,-46.6205058
-23.543307,-46.6137877
-23.543444,-46.6123438
-23.5264611,-46.6120675
-23.5447416,-46.6344103
-23.544946,-46.634398
-23.5448436,-46.6343792
-23.5447634,-46.6343335
-23.5449444,-46.6338598
-23.623176,-46.4145642
-23.5866365,-46.675164
-23.5457636,-46.6357624
-23.544995,-46.6323756
-23.5456998,-46.6346677
-23.5460402,-46.6350547
-23.5571562,-46.6357991
-23.7334665,-46.676974
-23.5315115,-46.6105809
-23.5418541,-46.6466074
-23.5427337,-46.6467673
-23.5426829,-46.6475923
-23.5418613,-46.6435423
-23.5425098,-46.6464397
-23.6039173,-46.5609342
-23.5410999,-46.6457098
-23.5633098,-46.6872121
-23.5606021,-46.6897366
-23.5568655,-46.7451144
-23.5629205,-46.6979082
-23.5821133,-46.6750272
-23.5800735,-46.6510005
-23.5401716,-46.6449071
-23.5557108,-46.688888
-23.5438563,-46.6487134
-23.546093,-46.6488933
-23.5670909,-46.6865626
-23.5564753,-46.6585719
-23.5541073,-46.6342445
-23.5437604,-46.6468132
-23.5712021,-46.6890745
-23.5414269,-46.6447425
-23.5415413,-46.6449318
-23.5424985,-46.6442935
-23.5424144,-46.6441644
-23.5424598,-46.644659
-23.5423744,-46.6447554
-23.5439641,-46.6456247
-23.5403209,-46.6491077
-23.5327414,-46.6166094
-23.5330268,-46.6171108
-23.5717066,-46.6899949
-23.6091086,-46.6651509
-23.6026209,-46.6628932
-23.5586289,-46.6791318
-23.5635508,-46.6876488
-23.5621929,-46.6891306
-23.5619827,-46.6887355
-23.5048075,-46.474019
-23.5283547,-46.5269951
-23.5428357,-46.6487975
-23.5314693,-46.6159916
-23.5318749,-46.6159646
-23.5418444,-46.6479017
-23.518774,-46.5870779
-23.5531548,-46.6026871
-23.5529563,-46.6027196
-23.5541415,-46.6025682
-23.5655443,-46.5977475
-23.5612387,-46.6706235
-23.5613612,-46.6686254
-23.6673454,-46.680284
-23.5570485,-46.6624207
-23.5404094,-46.6017078
-23.5405279,-46.6016374
-23.5438501,-46.637291
-23.5553027,-46.6343543
-23.5544825,-46.634413
-23.5516741,-46.6341802
-23.5454955,-46.6438065
-23.5513229,-46.6340026
-23.5555797,-46.635564
-23.555577,-46.6356386
-23.5423731,-46.639913
-23.5580567,-46.6367737
-23.6182189,-46.7506992
-23.6218663,-46.7479072
-23.6611623,-46.7490371
-23.6611732,-46.7486521
-23.5572592,-46.662949
-23.557263,-46.663007
-23.5571602,-46.663123
-23.5570083,-46.6633557
-23.556698,-46.663701
-23.5566742,-46.6637286
-23.5563528,-46.663554
-23.5578988,-46.6615558
-23.557965,-46.6616225
-23.5448618,-46.5729376
-23.6103837,-46.638077
-23.5714224,-46.6453317
-23.5800073,-46.6843202
-23.5614496,-46.6943605
-23.6101662,-46.6380783
-23.6104587,-46.6373434
-23.6275186,-46.6424916
-23.6238869,-46.6406567
-23.6256404,-46.6405845
-23.6255814,-46.6611065
-23.6255663,-46.6606873
-23.6255941,-46.660577
-23.6255713,-46.6609079
-23.6248549,-46.6602668
-23.56777,-46.6493222
-23.5671872,-46.6514785
-23.5671378,-46.6515762
-23.5149699,-46.5843281
-23.5359433,-46.6126159
-23.4828263,-46.5021667
-23.5492751,-46.631696
-23.5470654,-46.6489157
-23.5416537,-46.6480667
-23.5402578,-46.6494605
-23.5822528,-46.7602338
-23.6175073,-46.7525147
-23.6182892,-46.6387395
-23.6183351,-46.6385613
-23.5850315,-46.6788411
-23.5541624,-46.6608004
-23.5555251,-46.6610675
-23.5571923,-46.6593389
-23.5566563,-46.6613922
-23.5568753,-46.6607135
-23.544912,-46.6426944
-23.5838026,-46.6719879
-23.5530398,-46.598789
-23.5525805,-46.5989777
-23.5446214,-46.6426234
-23.6614064,-46.7497442
-23.6613663,-46.7495516
-23.5574738,-46.6452074
-23.548019,-46.6903663
-23.5508783,-46.5972027
-23.5507349,-46.5970655
-23.5810592,-46.6768856
-23.5557244,-46.5968224
-23.5406333,-46.6396505
-23.5414974,-46.6404884
-23.5545343,-46.6581474
-23.5427516,-46.640467
-23.5420384,-46.6411803
-23.5603694,-46.6563246
-23.560432,-46.6562556
-23.5599549,-46.6562576
-23.5633374,-46.6560885
-23.5633146,-46.6561158
-23.56329,-46.6561453
-23.5632736,-46.656165
-23.5630175,-46.6565173
-23.5624981,-46.6555514
-23.5624509,-46.6556124
-23.5813574,-46.6511734
-23.581613,-46.6521738
-23.5816523,-46.6522543
-23.5898628,-46.6732474
-23.5477587,-46.635289
-23.5476628,-46.6353636
-23.5586849,-46.6584297
-23.5467618,-46.6449309
-23.5640446,-46.6515502
-23.5640915,-46.651565
-23.5641188,-46.6515912
-23.5641483,-46.6516194
-23.5652024,-46.6523688
-23.5653512,-46.65219
-23.5667243,-46.6516414
-23.5449427,-46.6412532
-23.5555706,-46.6483118
-23.5664582,-46.6510527
-23.5666085,-46.6511995
-23.5667162,-46.6513045
-23.5672657,-46.6498716
-23.5673112,-46.6498183
-23.5673836,-46.6497336
-23.567418,-46.6496934
-23.5540712,-46.6628039
-23.5240729,-46.7335302
-23.5246343,-46.7333437
-23.5692097,-46.6490287
-23.5689394,-46.6490888
-23.56902,-46.6491307
-23.5690723,-46.6491229
-23.5688138,-46.6490682
-23.5682785,-46.6485455
-23.5310166,-46.6362588
-23.556697,-46.6585928
-23.5681814,-46.6464108
-23.5692378,-46.6465693
-23.5689176,-46.6469897
-23.5686178,-46.6469961
-23.5684981,-46.6468907
-23.625612,-46.6410581
-23.566083,-46.6505201
-23.566648,-46.6498368
-23.5659557,-46.6504623
-23.5523464,-46.6405254
-23.5524126,-46.6405254
-23.5682545,-46.6491336
-23.5682446,-46.6494036
-23.5682212,-46.6493837
-23.5468541,-46.6449874
-23.5561698,-46.6524149
-23.5466602,-46.6449126
-23.590544,-46.6707126
-23.551339,-46.6478394
-23.5507319,-46.6432455
-23.5506719,-46.6434418
-23.7265462,-46.7004877
-23.5559126,-46.6585354
-23.5569738,-46.6573191
-23.5568304,-46.6589529
-23.5560705,-46.6598642
-23.5567044,-46.6578689
-23.5563842,-46.6582426
-23.5564562,-46.6583339
-23.5540619,-46.6589941
-23.5551588,-46.6557046
-23.5555588,-46.657349
-23.5854094,-46.6847333
-23.5842419,-46.6830825
-23.5632386,-46.6654577
-23.5662924,-46.6688603
-23.5649592,-46.6674658
-23.5461387,-46.6388043
-23.6025222,-46.6647669
-23.6010235,-46.6683488
-23.5543076,-46.6603649
-23.5537625,-46.6596486
-23.5544667,-46.6588527
-23.5152137,-46.6211668
-23.5574119,-46.6592834
-23.578701,-46.6815116
-23.5543714,-46.6574591
-23.5544267,-46.6574419
-23.5545535,-46.6572306
-23.5549406,-46.6569362
-23.5548551,-46.6581914
-23.5546394,-46.6580456
-23.5541569,-46.6577413
-23.5540935,-46.6590273
-23.5539549,-46.6589065
-23.5539664,-46.6591824
-23.5843633,-46.7464827
-23.5546591,-46.6580206
-23.5997758,-46.6421124
-23.5995366,-46.6385212
-23.5551893,-46.6626039
-23.5551145,-46.6625116
-23.5695247,-46.4877077
-23.5802983,-46.6808358
-23.5591075,-46.6613977
-23.5856386,-46.6885943
-23.5854344,-46.6839408
-23.5603625,-46.6883603
-23.5602197,-46.6326571
-23.5553461,-46.6329647
-23.5642246,-46.6353082
-23.6749568,-46.6612728
-23.6763779,-46.6603662
-23.6833823,-46.651024
-23.6849236,-46.646754
-23.6740959,-46.6644753
-23.6747616,-46.6620828
-23.6849089,-46.6489775
-23.6384065,-46.6584197
-23.6704598,-46.6480315
-23.6109456,-46.637552
-23.5547499,-46.6631679
-23.5543638,-46.6627895
-23.5533396,-46.6617876
-23.5526922,-46.6608443
-23.552773,-46.6607546
-23.5532641,-46.6583764
-23.5860739,-46.6862473
-23.5834631,-46.6834368
-23.582486,-46.6834585
-23.5597729,-46.6618408
-23.5602995,-46.6607091
-23.5599862,-46.6618336
-23.5633628,-46.669282
-23.5482356,-46.6373451
-23.5483741,-46.6372206
-23.5482054,-46.6373275
-23.5482941,-46.6373791
-23.5538456,-46.5940991
-23.5583477,-46.6391594
-23.5599379,-46.6355986
-23.5598233,-46.6347856
-23.5596356,-46.6350587
-23.5596468,-46.6624387
-23.55922,-46.6349016
-23.5590569,-46.6348666
-23.5588663,-46.6409764
-23.5599576,-46.6350391
-23.5632541,-46.6673716
-23.5599988,-46.6428154
-23.5553709,-46.6629792
-23.5539894,-46.5947193
-23.5617952,-46.6820211
-23.5811408,-46.6850608
-23.5593164,-46.6890955
-23.5594728,-46.6889874
-23.5595652,-46.6889123
-23.5590136,-46.6624208
-23.5591093,-46.6625337
-23.5509014,-46.5949547
-23.5558242,-46.6906648
-23.5557131,-46.6904891
-23.5485833,-46.633521
-23.5489822,-46.6329629
-23.5497406,-46.632915
-23.625669,-46.6611248
-23.5680296,-46.6348706
-23.5657034,-46.6320209
-23.5649226,-46.6705545
-23.57418,-46.6443674
-23.5752037,-46.6441439
-23.5764409,-46.6452808
-23.5496612,-46.6309191
-23.5739779,-46.6316805
-23.5583149,-46.6636176
-23.5421402,-46.6343561
-23.5203394,-46.6278662
-23.5291954,-46.6313074
-23.5555965,-46.6878892
-23.6106826,-46.63681
-23.5707006,-46.6350092
-23.5690004,-46.6329812
-23.5690136,-46.6325643
-23.6289538,-46.6602093
-23.6288906,-46.6601487
-23.5632157,-46.6671174
-23.5658218,-46.6658017
-23.543383,-46.6319649
-23.5432242,-46.631936
-23.5488689,-46.5783667
-23.5637211,-46.6678596
-23.5624255,-46.6676536
-23.5629303,-46.6670792
-23.5629783,-46.6670824
-23.5630885,-46.6672014
-23.5632145,-46.66733
-23.5606199,-46.6696973
-23.5615567,-46.6711645
-23.5842456,-46.6333739
-23.58313,-46.631704
-23.5794037,-46.6288375
-23.5780641,-46.629247
-23.572136,-46.6306094
-23.5718182,-46.6304556
-23.5697381,-46.6320436
-23.5690069,-46.6325674
-23.5600072,-46.6703878
-23.5685103,-46.6494564
-23.5466403,-46.6353934
-23.5469275,-46.6355557
-23.5685499,-46.6494058
-23.5502001,-46.6342571
-23.5291847,-46.6789981
-23.5486986,-46.6337073
-23.5488781,-46.6336515
-23.5484309,-46.6345118
-23.5483141,-46.6345144
-23.5541637,-46.7101082
-23.5495418,-46.6363914
-23.5490101,-46.6364089
-23.5493745,-46.6338662
-23.53279,-46.5365366
-23.6357018,-46.6408761
-23.5358134,-46.7322242
-23.6681098,-46.6565107
-23.670435,-46.6813507
-23.6576148,-46.674444
-23.5488908,-46.6368691
-23.5488339,-46.6367217
-23.5420881,-46.6817315
-23.5461571,-46.6358779
-23.546254,-46.6356705
-23.5548644,-46.7087187
-23.5473168,-46.6358776
-23.5471871,-46.6358014
-23.5468565,-46.6349017
-23.56814,-46.6948781
-23.5430315,-46.632498
-23.5422072,-46.6323475
-23.542863,-46.6318704
-23.5653705,-46.6695678
-23.5647126,-46.6895949
-23.624507,-46.7341675
-23.5241305,-46.7049085
-23.5244874,-46.7031364
-23.5363924,-46.6319198
-23.5379063,-46.6305408
-23.5639796,-46.6348507
-23.666246,-46.6553751
-23.5396814,-46.6329506
-23.6813492,-46.6384668
-23.676025,-46.6424848
-23.6665391,-46.6547995
-23.6655791,-46.658108
-23.5727221,-46.5618148
-23.5711192,-46.5666468
-23.5695126,-46.5667527
-23.5619051,-46.6806356
-23.6296853,-46.6901538
-23.5406381,-46.6297159
-23.5302223,-46.6142761
-23.6343711,-46.7328624
-23.634651,-46.7332549
-23.6352355,-46.7339464
-23.4873864,-46.7152451
-23.5566033,-46.6860808
-23.5453773,-46.6354859
-23.5704669,-46.6428581
-23.6132714,-46.677523
-23.5475116,-46.6901184
-23.5493897,-46.6900764
-23.5477436,-46.6903582
-23.547567,-46.6899809
-23.5661417,-46.7010425
-23.5676138,-46.6945467
-23.5416453,-46.6901842
-23.5406616,-46.6903894
-23.5337768,-46.6873338
-23.5595451,-46.6618206
-23.6462866,-46.6632981
-23.6595747,-46.6630232
-23.645766,-46.664033
-23.6282634,-46.6885262
-23.4989173,-46.5894924
-23.5379609,-46.6328679
-23.5374095,-46.6345614
-23.5260319,-46.6994838
-23.5393925,-46.6104337
-23.5612098,-46.6604353
-23.5529037,-46.6603647
-23.5399784,-46.6321726
-23.538015,-46.6357955
-23.5379331,-46.6351384
-23.5867923,-46.6936837
-23.539364,-46.6349749
-23.580744,-46.6460543
-23.5294796,-46.6386525
-23.5695789,-46.6942159
-23.5606707,-46.6584706
-23.5445218,-46.6341124
-23.5394252,-46.6351694
-23.6334351,-46.6983251
-23.5383352,-46.6378557
-23.5794179,-46.5808708
-23.5793791,-46.5807823
-23.5572554,-46.6346601
-23.5572463,-46.6347519
-23.5488423,-46.6423018
-23.5571324,-46.6530804
-23.6436524,-46.664209
-23.546307,-46.6440172
-23.4803181,-46.6557424
-23.4818321,-46.6556786
-23.4799973,-46.6555633
-23.4819563,-46.6549488
-23.4800239,-46.6570752
-23.4803639,-46.6582455
-23.5458695,-46.6502497
-23.5466102,-46.6490657
-23.5454019,-46.6509999
-23.5375649,-46.644297
-23.5385346,-46.6450405
-23.579487,-46.6399322
-23.5794433,-46.640026
-23.6068636,-46.7455189
-23.4789947,-46.6552599
-23.6121789,-46.6840486
-23.5572214,-46.6878601
-23.5446283,-46.6472832
-23.5439372,-46.6515604
-23.5457832,-46.6515446
-23.4801708,-46.6559324
-23.4338089,-46.5840082
-23.4334414,-46.5837695
-23.4330044,-46.5840461
-23.4332801,-46.5838051
-23.5475653,-46.3924105
-23.6465715,-46.6419869
-23.5401548,-46.6377613
-23.5401481,-46.637617
-23.5400149,-46.6367345
-23.5417213,-46.6530344
-23.5416895,-46.6529203
-23.5416974,-46.6526368
-23.5618,-46.6558
-23.5699353,-46.6596163
-23.5702892,-46.658902
-23.5746191,-46.6565574
-23.5770635,-46.6570484
-23.5759513,-46.6557723
-23.5740537,-46.6538899
-23.5598256,-46.6622404
-23.5761101,-46.6559265
-23.5598936,-46.6621778
-23.5731746,-46.652716
-23.5704893,-46.6502179
-23.5599925,-46.6620367
-23.5595477,-46.6626428
-23.559336,-46.6627978
-23.575009,-46.6548925
-23.5599382,-46.6622213
-23.5583194,-46.665925
-23.5584294,-46.6657776
-23.6213387,-46.6621243
-23.6018711,-46.6507093
-23.5620637,-46.6676956
-23.5543731,-46.6459393
-23.6153348,-46.4609564
-23.5611945,-46.6913407
-23.5403021,-46.7178887
-23.552194,-46.5649221
-23.6848388,-46.6475595
-23.6517055,-46.6593319
-23.673677,-46.6646239
-23.6540862,-46.6571835
-23.653714,-46.6571714
-23.6563004,-46.6546354
-23.5148776,-46.5390401
-23.5149776,-46.5387322
-23.5174288,-46.5393798
-23.5625405,-46.6603191
-23.5600771,-46.6597898
-23.5628109,-46.667215
-23.5454386,-46.6435572
-23.503165,-46.6426794
-23.7557399,-46.6672507
-23.6447335,-46.7000252
-23.6046253,-46.6582925
-23.4867418,-46.6078511
-23.6184376,-46.6743958
-23.5698922,-46.6216636
-23.562406,-46.6319539
-23.5651746,-46.6357678
-23.5313613,-46.650264
-23.4981637,-46.5952641
-23.5881663,-46.6302651
-23.5576061,-46.6893611
-23.5606092,-46.6776603
-23.5649589,-46.6851406
-23.5555859,-46.6860013
-23.5470627,-46.643077
-23.564559,-46.7249913
-23.5944453,-46.6421472
-23.5707621,-46.7095578
-23.4869073,-46.608941
-23.4508635,-46.5979259
-23.5330018,-46.683142
-23.5921558,-46.60265
-23.5920163,-46.6023145
-23.5518613,-46.56496
-23.5697813,-46.6918423
-23.5630588,-46.6791022
-23.5499124,-46.6808313
-23.6282615,-46.6190765
-23.5821163,-46.6763129
-23.582935,-46.6760464
-23.5825894,-46.6742612
-23.5830469,-46.6762727
-23.58896,-46.6354108
-23.5890448,-46.6353786
-23.6278877,-46.6648157
-23.6057415,-46.6302664
-23.6041719,-46.6351755
-23.6203804,-46.6398371
-23.5311095,-46.6251616
-23.5719845,-46.644464
-23.5720802,-46.6444373
-23.6279028,-46.6439519
-23.5346784,-46.6234798
-23.5916885,-46.6435609
-23.5849541,-46.6757294
-23.5351168,-46.6222476
-23.5463327,-46.6348258
-23.5622082,-46.6214327
-23.6060145,-46.6262869
-23.6064667,-46.6264934
-23.5619189,-46.6389164
-23.583663,-46.4082852
-23.5669828,-46.4011829
-23.5901378,-46.3951204
-23.5900785,-46.395142
-23.5900249,-46.3951728
-23.590231,-46.3950804
-23.5949348,-46.3978959
-23.5736198,-46.6497752
-23.5737341,-46.6496693
-23.5624096,-46.6803283
-23.5296029,-46.6372936
-23.5427101,-46.6555462
-23.5645481,-46.68001
-23.5645104,-46.6799109
-23.5522041,-46.6504512
-23.7337165,-46.7930646
-23.4834222,-46.5906176
-23.5877924,-46.3994834
-23.5892889,-46.3999024
-23.5710451,-46.6564462
-23.5773843,-46.6412647
-23.6082141,-46.6137062
-23.4969188,-46.5861866
-23.5669626,-46.6925716
-23.5417477,-46.6579201
-23.5707742,-46.6991292
-23.5677896,-46.6923362
-23.5680272,-46.6909446
-23.5651957,-46.6816003
-23.5672164,-46.6923831
-23.5137107,-46.6193775
-23.5319545,-46.6181089
-23.5723619,-46.7099894
-23.5988553,-46.6373098
-23.5316967,-46.6173949
-23.5295677,-46.6173561
-23.5299919,-46.6176547
-23.5682504,-46.6901808
-23.5965896,-46.6061613
-23.5232605,-46.5666095
-23.5269466,-46.575913
-23.5885071,-46.6322019
-23.5345757,-46.5756872
-23.5880704,-46.6300821
-23.5890825,-46.6343485
-23.5806489,-46.6503959
-23.5703117,-46.6572261
-23.5803825,-46.651581
-23.5521841,-46.5621579
-23.5777772,-46.6292463
-23.5802253,-46.6332259
-23.5773154,-46.6288402
-23.5799382,-46.633198
-23.5806092,-46.6337268
-23.581007,-46.6351541
-23.5823224,-46.6375186
-23.520522,-46.5549888
-23.5121984,-46.5553333
-23.5532852,-46.6278866
-23.6228899,-46.6837485
-23.6240293,-46.6835697
-23.5552793,-46.6343563
-23.524311,-46.6079257
-23.5253072,-46.6099565
-23.5238786,-46.6047617
-23.6679794,-46.7307192
-23.6722162,-46.7429629
-23.5270614,-46.6060416
-23.5288314,-46.6078361
-23.5103279,-46.4987818
-23.5144353,-46.4958019
-23.5301135,-46.6107125
-23.530787,-46.6096129
-23.5308707,-46.6096973
-23.531687,-46.6103848
-23.5318473,-46.6102011
-23.5270471,-46.6057614
-23.571228,-46.7071444
-23.5287118,-46.6348298
-23.5617788,-46.6873449
-23.5649297,-46.6814277
-23.5620311,-46.681843
-23.6656395,-46.6579424
-23.5145039,-46.4960734
-23.5667628,-46.685927
-23.5646241,-46.6841834
-23.5673093,-46.6866081
-23.5301849,-46.6359072
-23.5669726,-46.6887942
-23.5476782,-46.6918364
-23.5697839,-46.690661
-23.5687517,-46.6909344
-23.4991659,-46.6040099
-23.6308756,-46.6686714
-23.6061762,-46.6918607
-23.5483867,-46.648779
-23.6294875,-46.6466859
-23.6177631,-46.6056977
-23.5665034,-46.6529085
-23.5546819,-46.6568583
-23.5543053,-46.6572859
-23.5539244,-46.6577192
-23.5558009,-46.6571232
-23.5557103,-46.6572253
-23.5549071,-46.6566797
-23.5547772,-46.6553054
-23.5534625,-46.6529902
-23.5605617,-46.6625808
-23.5597403,-46.6623351
-23.562244,-46.6631388
-23.5616656,-46.6640552
-23.5617338,-46.6655063
-23.5627618,-46.6665835
-23.6121754,-46.4941116
-23.656876,-46.6483685
-23.5628827,-46.6646724
-23.6259601,-46.6448716
-23.6091661,-46.6424287
-23.6084385,-46.6467749
-23.6120583,-46.6453505
-23.6168738,-46.6365446
-23.5602668,-46.6961473
-23.5578514,-46.6813734
-23.5592919,-46.6811128
-23.5554761,-46.6741648
-23.5539361,-46.6753803
-23.536226,-46.6048278
-23.5552081,-46.6737139
-23.5237775,-46.5112624
-23.5773327,-46.6333312
-23.5556355,-46.6754344
-23.6271579,-46.6994476
-23.6249594,-46.7004473
-23.556392,-46.6756909
-23.5561771,-46.6753346
-23.555555,-46.6740089
-23.5606459,-46.6552343
-23.6072354,-46.6593257
-23.6151679,-46.6266739
-23.6276104,-46.6455862
-23.4716905,-46.5655076
-23.556913,-46.6765626
-23.5569557,-46.6766344
-23.5577167,-46.6767524
-23.5587411,-46.6753611
-23.5604581,-46.6733769
-23.5594366,-46.6743361
-23.5590576,-46.6746026
-23.5572297,-46.6798663
-23.5579991,-46.6783741
-23.5598761,-46.677325
-23.7418992,-46.6597485
-23.5608749,-46.6774713
-23.5685031,-46.6494886
-23.568424,-46.6491693
-23.5689003,-46.6493457
-23.563526,-46.6834095
-23.5284697,-46.6042464
-23.6367794,-46.6965857
-23.5538624,-46.6858612
-23.6816473,-46.717985
-23.610303,-46.6376455
-23.6111122,-46.6369609
-23.6033598,-46.6349459
-23.6097893,-46.6385628
-23.6041906,-46.6357613
-23.6584045,-46.7369456
-23.6730897,-46.7429343
-23.4938213,-46.5854038
-23.4471848,-46.7218741
-23.5218199,-46.3877749
-23.5587952,-46.4169393
-23.5594547,-46.417292
-23.5588671,-46.4177429
-23.5833173,-46.4098093
-23.4952367,-46.4109895
-23.569472,-46.4452037
-23.5406288,-46.4499546
-23.5931177,-46.5018761
-23.5991882,-46.5161958
-23.6023742,-46.5113041
-23.5976514,-46.5175174
-23.5209359,-46.7008063
-23.5212522,-46.7008624
-23.5213885,-46.7009072
-23.6531488,-46.709787
-23.6528401,-46.7098651
-23.5390628,-46.5763186
-23.5649618,-46.6880307
-23.5626611,-46.6868935
-23.5633857,-46.687344
-23.5616568,-46.6882274
-23.5631489,-46.6906726
-23.5641977,-46.6924636
-23.5327698,-46.6645396
-23.6328,-46.706212
-23.6441954,-46.702994
-23.6273349,-46.6692518
-23.5665549,-46.6948359
-23.5670272,-46.6791257
-23.621843,-46.687493
-23.5421042,-46.681686
-23.5579204,-46.6466053
-23.5367682,-46.6729246
-23.6093414,-46.6862708
-23.5480525,-46.5836227
-23.573338,-46.6895577
-23.5601763,-46.6884901
-23.7264206,-46.7002014
-23.5736354,-46.7272152
-23.5638286,-46.6881097
-23.5406504,-46.6075322
-23.5642615,-46.6842561
-23.5640184,-46.6839018
-23.5643347,-46.6925774
-23.5636836,-46.6832392
-23.5641595,-46.6818035
-23.566111,-46.6919124
-23.5654495,-46.6904091
-23.5663637,-46.6897745
-23.6265044,-46.6337542
-23.5675695,-46.6939389
-23.8521543,-46.697559
-23.5572261,-46.6541245
-23.567068,-46.6964271
-23.6653263,-46.6381941
-23.6630278,-46.6380325
-23.6694655,-46.6358836
-23.6294716,-46.740551
-23.6262925,-46.7428931
-23.6950431,-46.6998532
-23.6256562,-46.7427106
-23.6255808,-46.7426133
-23.5603995,-46.6778281
-23.5606704,-46.6776676
-23.6065475,-46.6688701
-23.570183,-46.6483141
-23.5645479,-46.6851599
-23.5641288,-46.6859134
-23.5650334,-46.6850727
-23.5627764,-46.6821087
-23.5626659,-46.6816142
-23.5636093,-46.683556
-23.5605956,-46.6781267
-23.5769794,-46.5876638
-23.5771035,-46.5877357
-23.5634389,-46.6642884
-23.5633468,-46.6644032
-23.5627976,-46.6650006
-23.5569515,-46.6655027
-23.5959821,-46.4050006
-23.5993163,-46.4014011
-23.5995384,-46.40091
-23.5995855,-46.4007994
-23.6691998,-46.6500914
-23.5036463,-46.658564
-23.5943987,-46.6839499
-23.5590132,-46.6631703
-23.5417682,-46.5657234
-23.5412349,-46.5659305
-23.5418828,-46.5683684
-23.5431085,-46.5724682
-23.5903066,-46.5054722
-23.556526,-46.6592826
-23.5279432,-46.6366556
-23.5465145,-46.6441343
-23.556899,-46.6921311
-23.6243529,-46.4610755
-23.5967449,-46.6343513
-23.5216264,-46.5996862
-23.5215283,-46.5995782
-23.4740731,-46.670329
-23.4688873,-46.6636338
-23.5599577,-46.6966816
-23.58267,-46.6488882
-23.5685423,-46.6971702
-23.5296372,-46.6001293
-23.544815,-46.6429969
-23.533324,-46.6560376
-23.6352203,-46.7005929
-23.5813846,-46.6807075
-23.6243257,-46.6996885
-23.5593242,-46.6893823
-23.5836184,-46.6606455
-23.5930766,-46.6372796
-23.5621568,-46.669596
-23.6352946,-46.7006305
-23.6348578,-46.6992666
-23.6333317,-46.6985926
-23.6422281,-46.6974494
-23.4651305,-46.6793191
-23.5442192,-46.6397254
-23.5599967,-46.6626945
-23.5131055,-46.5162293
-23.5074308,-46.4783845
-23.505763,-46.4749889
-23.5057457,-46.4749094
-23.5058934,-46.4753843
-23.636597,-46.596661
-23.634676,-46.6056201
-23.634601,-46.5998976
-23.5522395,-46.6809314
-23.5611007,-46.6878458
-23.5977838,-46.4867246
-23.5978898,-46.4866571
-23.5554187,-46.6351967
-23.5549462,-46.6352504
-23.5553415,-46.6352046
-23.603825,-46.4816886
-23.5387438,-46.6517132
-23.4764751,-46.5728534
-23.4764079,-46.572916
-23.5554665,-46.6348312
-23.5554674,-46.6347813
-23.555474,-46.6344521
-23.5551969,-46.6343477
-23.554162,-46.6344185
-23.5540882,-46.634423
-23.5539472,-46.6344316
-23.5538717,-46.6344363
-23.553818,-46.6344398
-23.553793,-46.634993
-23.5534296,-46.6348147
-23.7124683,-46.7097138
-23.6305621,-46.7032515
-23.454239,-46.6327601
-23.5077431,-46.4058825
-23.4805433,-46.5698674
-23.5492122,-46.6976553
-23.6106547,-46.6881309
-23.5911778,-46.6187323
-23.5237523,-46.4104759
-23.5229759,-46.4104435
-23.5218843,-46.4123551
-23.5213837,-46.4123083
-23.5216721,-46.4122173
-23.5208931,-46.4132186
-23.52069,-46.4134827
-23.5890284,-46.6187373
-23.5890867,-46.6186394
-23.5889674,-46.6188358
-23.5890585,-46.6189192
-23.5891501,-46.618545
-23.589099,-46.6189712
-23.5561031,-46.5991491
-23.712343,-46.7026978
-23.712262,-46.7022606
-23.5896226,-46.619423
-23.5850379,-46.6186432
-23.5924477,-46.6200959
-23.5924631,-46.6211905
-23.5917888,-46.6209852
-23.5891604,-46.6188366
-23.5888636,-46.6187484
-23.599014,-46.6497845
-23.5607313,-46.5632086
-23.5608982,-46.5634281
-23.479817,-46.6483197
-23.4803105,-46.6480398
-23.4917128,-46.5666713
-23.6797131,-46.6402078
-23.6815666,-46.6384155
-23.6819473,-46.6376323
-23.677753,-46.6415844
-23.5783343,-46.6411587
-23.559058,-46.6687614
-23.5585289,-46.6680066
-23.5717881,-46.6906468
-23.5718303,-46.6906205
-23.5929968,-46.6753626
-23.5535267,-46.6554741
-23.5964095,-46.6897974
-23.4916548,-46.6323075
-23.5586104,-46.6884126
-23.5301958,-46.6723748
-23.5574429,-46.6555393
-23.5576172,-46.6555124
-23.5581334,-46.6555552
-23.5568273,-46.6570071
-23.5864914,-46.6416524
-23.532587,-46.6162927
-23.5738603,-46.5573469
-23.5874518,-46.6452411
-23.5895792,-46.6471099
-23.5872747,-46.6446288
-23.587788,-46.6453771
-23.5875552,-46.6454951
-23.5642363,-46.671683
-23.500381,-46.5722371
-23.5901223,-46.5739606
-23.5843968,-46.5767967
-23.5938041,-46.5790272
-23.5886075,-46.5834359
-23.5601729,-46.6709659
-23.561278,-46.6712148
-23.5612627,-46.6687243
-23.5614998,-46.6693091
-23.5644061,-46.6682839
-23.5647809,-46.6686563
-23.5648894,-46.6694744
-23.5648633,-46.6696041
-23.5685932,-46.6432718
-23.563629,-46.6698194
-23.5606823,-46.6715771
-23.5606925,-46.6715507
-23.5615157,-46.6711448
-23.5602371,-46.6679038
-23.5605783,-46.6680026
-23.5587944,-46.6683068
-23.5584899,-46.6680112
-23.5584129,-46.667908
-23.5611581,-46.6691454
-23.5617938,-46.6692195
-23.5645872,-46.6683546
-23.564534,-46.6694481
-23.568808,-46.6400863
-23.5656252,-46.6662891
-23.5653878,-46.6662235
-23.5603809,-46.6713758
-23.5606384,-46.6694292
-23.5603282,-46.6701257
-23.5646033,-46.6671331
-23.5606152,-46.6699423
-23.5620765,-46.6681463
-23.5621182,-46.6676928
-23.5599949,-46.664012
-23.5463416,-46.638905
-23.5572203,-46.6348948
-23.5453194,-46.6384353
-23.6032707,-46.6910757
-23.6034844,-46.690903
-23.6033205,-46.6908316
-23.6036353,-46.6915167
-23.5486294,-46.6553321
-23.5663518,-46.6799814
-23.5703075,-46.6979147
-23.5702605,-46.6978643
-23.5704737,-46.6977429
-23.558596,-46.6909246
-23.5703611,-46.6982453
-23.5705118,-46.698135
-23.5680859,-46.7006945
-23.5676546,-46.6994381
-23.5672832,-46.7001847
-23.5672114,-46.7001793
-23.566478,-46.7001252
-23.566273,-46.7001114
-23.5663019,-46.7001132
-23.5674011,-46.6994097
-23.5557634,-46.6877221
-23.5562717,-46.6874202
-23.5567187,-46.6881565
-23.5687832,-46.6924676
-23.5704044,-46.6917963
-23.570561,-46.6914301
-23.566596,-46.6953731
-23.566602,-46.6954716
-23.5665306,-46.6946969
-23.5669078,-46.6964274
-23.5666794,-46.696428
-23.566271,-46.6964073
-23.5671642,-46.6958225
-23.56716,-46.6956886
-23.5670247,-46.6956351
-23.5654636,-46.6980291
-23.565449,-46.6978481
-23.5657689,-46.6966037
-23.5658791,-46.6966047
-23.5660576,-46.6956101
-23.5736279,-46.70113
-23.5681334,-46.6921946
-23.5548281,-46.6886447
-23.5549825,-46.6889175
-23.555177,-46.6892695
-23.4432016,-46.7152636
-23.4431487,-46.7159932
-23.4431709,-46.7158818
-23.4429777,-46.7162211
-23.4429088,-46.7167281
-23.4441429,-46.7166369
-23.6749959,-46.7408576
-23.5887894,-46.6422752
-23.8686735,-46.6774544
-23.8505582,-46.6683322
-23.555414,-46.660552
-23.5597844,-46.6350703
-23.5508361,-46.6224811
-23.6154728,-46.7406322
-23.4876453,-46.5829159
-23.5528627,-46.6895865
-23.5527961,-46.6894772
-23.6549704,-46.6913285
-23.4898808,-46.5649565
-23.4945142,-46.4125422
-23.4863974,-46.3824021
-23.558965,-46.6663254
-23.5614154,-46.6685618
-23.5067254,-46.6003369
-23.5070049,-46.5995539
-23.5408558,-46.5746041
-23.5495514,-46.6139883
-23.5221127,-46.5930422
-23.5512143,-46.6308513
-23.5406911,-46.5954046
-23.5398064,-46.5960242
-23.5574391,-46.687892
-23.5588081,-46.6880846
-23.5587629,-46.6877873
-23.5587951,-46.6877649
-23.5597914,-46.6887602
-23.5607906,-46.6878959
-23.5519332,-46.6915927
-23.5149763,-46.6917785
-23.558015,-46.6900016
-23.5590983,-46.6881081
-23.5594757,-46.6887443
-23.5575499,-46.6891678
-23.557797,-46.6896734
-23.5578625,-46.6897813
-23.5446094,-46.626112
-23.5512603,-46.6166272
-23.573358,-46.7026006
-23.5626535,-46.6723202
-23.5596812,-46.6673125
-23.5591159,-46.6668987
-23.5600135,-46.6706459
-23.6144065,-46.6053215
-23.5996534,-46.6655579
-23.5598021,-46.6893511
-23.5581534,-46.6902669
-23.5607319,-46.6908542
-23.5603413,-46.6902018
-23.5598253,-46.6902916
-23.5611866,-46.687724
-23.6257288,-46.6608753
-23.5964224,-46.6492975
-23.5802841,-46.6518567
-23.5587549,-46.6910523
-23.558684,-46.6911018
-23.5589597,-46.6916193
-23.5594476,-46.6918353
-23.5550394,-46.6896114
-23.5593583,-46.6906077
-23.8476309,-46.6990265
-23.5608795,-46.6907949
-23.5476344,-46.6898015
-23.5476497,-46.6887704
-23.5587111,-46.6873611
-23.5564435,-46.6872425
-23.5578595,-46.6900937
-23.5575439,-46.6903366
-23.5576248,-46.689678
-23.5575983,-46.6896348
-23.5575568,-46.6895668
-23.5575276,-46.6895191
-23.5577001,-46.6898006
-23.5557935,-46.6863106
-23.5572601,-46.6864593
-23.5449519,-46.6437639
-23.5561872,-46.6912987
-23.5560673,-46.6913838
-23.5550973,-46.6920633
-23.5581619,-46.6905743
-23.5560398,-46.6900413
-23.5618751,-46.692465
-23.561962,-46.6922855
-23.5623931,-46.6919503
-23.5536679,-46.6909686
-23.5534381,-46.6907425
-23.552167,-46.6916311
-23.5595672,-46.6347333
-23.5584522,-46.635143
-23.5543558,-46.6937635
-23.5552403,-46.6930714
-23.5543032,-46.6914651
-23.5549688,-46.6909965
-23.5734389,-46.6894936
-23.5530298,-46.6877941
-23.5531335,-46.6879689
-23.5758757,-46.6880376
-23.5724712,-46.6902074
-23.573521,-46.6889704
-23.5728006,-46.6894126
-23.5723048,-46.6897384
-23.572392,-46.6896824
-23.5486282,-46.6546443
-23.5495365,-46.6540592
-23.549301,-46.655126
-23.5006556,-46.6014464
-23.5959574,-46.687911
-23.5613878,-46.6685864
-23.5617786,-46.6681661
-23.5854166,-46.5825536
-23.5900522,-46.5766162
-23.5892826,-46.5760674
-23.6538311,-46.6895221
-23.5790553,-46.5540417
-23.5376636,-46.5729122
-23.5455608,-46.5717369
-23.5176322,-46.5450215
-23.5449364,-46.573363
-23.5444341,-46.5734743
-23.4969223,-46.5148848
-23.5903305,-46.6826292
-23.5134494,-46.6032704
-23.5542499,-46.6762098
-23.5524247,-46.6777381
-23.552128,-46.6761511
-23.5540263,-46.6469669
-23.5783637,-46.6389146
-23.5593631,-46.6666488
-23.6294331,-46.7006682
-23.630053,-46.7002647
-23.5744975,-46.6882787
-23.5740817,-46.6885619
-23.5737493,-46.6887724
-23.5737016,-46.6887994
-23.547775,-46.6493508
-23.5466526,-46.6507135
-23.5465329,-46.6508772
-23.5457161,-46.6516068
-23.5496133,-46.6537436
-23.6248505,-46.7015124
-23.6249778,-46.7015119
-23.6249592,-46.7016793
-23.5482624,-46.6546653
-23.5877067,-46.7318371
-23.5875076,-46.7316467
-23.5594959,-46.6687538
-23.5587773,-46.6661397
-23.5576954,-46.6644005
-23.557646,-46.66446
-23.5580148,-46.6640397
-23.5400137,-46.6453535
-23.5398677,-46.6452206
-23.5398966,-46.6452556
-23.6814897,-46.6527406
-23.5088167,-46.6051646
-23.5513943,-46.6784549
-23.5977904,-46.6764658
-23.5903887,-46.6739367
-23.5929845,-46.6750701
-23.5133826,-46.5547889
-23.5015696,-46.5868684
-23.5582341,-46.6907194
-23.5616811,-46.6926609
-23.5616185,-46.6927889
-23.5584399,-46.6906993
-23.4906482,-46.5893351
-23.5490604,-46.6438772
-23.5877154,-46.7372994
-23.5863669,-46.737411
-23.5022577,-46.5975555
-23.5329163,-46.6132942
-23.5705462,-46.6550511
-23.5540511,-46.6342468
-23.5543177,-46.6342554
-23.5544894,-46.6342427
-23.5642719,-46.6928152
-23.5641849,-46.6926859
-23.5524356,-46.6305929
-23.555463,-46.6344528
-23.5415276,-46.5728257
-23.5843058,-46.6423719
-23.5423327,-46.569631
-23.6456966,-46.6637828
-23.5424137,-46.5652041
-23.6683022,-46.6566114
-23.6485813,-46.6675212
-23.6445013,-46.6707456
-23.5427049,-46.5654675
-23.6763179,-46.7343796
-23.5506599,-46.5598832
-23.549429,-46.6834635
-23.6379386,-46.6709958
-23.6206411,-46.6374917
-23.5491932,-46.5575591
-23.5437352,-46.5588574
-23.5437794,-46.5588419
-23.5438714,-46.5588182
-23.5292713,-46.6978468
-23.554419,-46.5561401
-23.5664068,-46.6388115
-23.5398051,-46.6316575
-23.4918964,-46.5753352
-23.5459732,-46.6457376
-23.554071,-46.6942315
-23.5418724,-46.6394031
-23.6015414,-46.6470128
-23.5394823,-46.6397948
-23.5386574,-46.6400819
-23.5402564,-46.6437084
-23.5399983,-46.6441539
-23.5394593,-46.6451604
-23.5393935,-46.6447354
-23.54718,-46.5735205
-23.6509971,-46.6997963
-23.6167619,-46.6317844
-23.6263134,-46.6922227
-23.5635433,-46.6917973
-23.5377165,-46.6816202
-23.562102,-46.6934388
-23.567211,-46.6892028
-23.55822,-46.6733183
-23.5557655,-46.6905642
-23.5591637,-46.6611704
-23.5310391,-46.6923359
-23.5327899,-46.6783265
-23.5189256,-46.6557434
-23.5364557,-46.6806699
-23.5557906,-46.6351321
-23.5446174,-46.5923342
-23.5443986,-46.5918736
-23.5421148,-46.5893268
-23.5987815,-46.6543637
-23.5125068,-46.6061889
-23.5710039,-46.6395448
-23.5931525,-46.5466094
-23.5930235,-46.5465568
-23.5942526,-46.6748376
-23.5924491,-46.7897472
-23.5928064,-46.7893456
-23.5952996,-46.7887877
-23.5934694,-46.7850181
-23.5989729,-46.7845898
-23.4871792,-46.4195189
-23.5896192,-46.544561
-23.4997928,-46.624023
-23.5362298,-46.6464379
-23.6579345,-46.6924526
-23.5149209,-46.6080391
-23.4938254,-46.6278277
-23.4929508,-46.6173865
-23.4930509,-46.6170315
-23.4938071,-46.6178232
-23.5580264,-46.6912976
-23.5453816,-46.6395816
-23.4552812,-46.6938329
-23.6026438,-46.6782311
-23.5892968,-46.677381
-23.4831841,-46.6313411
-23.4851373,-46.629168
-23.5707029,-46.6386038
-23.5267251,-46.7083758
-23.5261229,-46.707295
-23.5705622,-46.638659
-23.4766459,-46.6629173
-23.469079,-46.6672815
-23.5029391,-46.624405
-23.6023756,-46.6131062
-23.5322277,-46.703292
-23.5357834,-46.7021162
-23.5043727,-46.6223752
-23.6207867,-46.7294638
-23.619209,-46.7297266
-23.6189731,-46.7287986
-23.6178525,-46.7287932
-23.6190298,-46.7264434
-23.5281559,-46.7030885
-23.5329605,-46.7042914
-23.5339627,-46.704326
-23.5371302,-46.7069357
-23.5362321,-46.705582
-23.5226573,-46.5313047
-23.521636,-46.5304633
-23.6164626,-46.7122011
-23.5859504,-46.6437905
-23.5339136,-46.6871236
-23.5738497,-46.6512889
-23.5284521,-46.6389485
-23.5864767,-46.6410573
-23.528321,-46.6388932
-23.5560212,-46.6914225
-23.539736,-46.6827494
-23.5334155,-46.6879926
-23.6183546,-46.638487
-23.619821,-46.6379742
-23.617017,-46.6384593
-23.6171224,-46.6383581
-23.617328,-46.6384434
-23.6177055,-46.6388681
-23.6176578,-46.638849
-23.6182196,-46.6359725
-23.6172208,-46.6360323
-23.6185468,-46.6354303
-23.6209651,-46.6326124
-23.5776676,-46.5880938
-23.5734198,-46.5877595
-23.5565496,-46.6592409
-23.5829656,-46.6501618
-23.5801023,-46.6511052
-23.5454692,-46.5712756
-23.5488998,-46.643675
-23.5797311,-46.6405383
-23.5369962,-46.6191084
-23.5371372,-46.6191137
-23.5378117,-46.6366997
-23.5378133,-46.6364491
-23.5378055,-46.6360708
-23.5327053,-46.6467822
-23.5326131,-46.6468454
-23.582866,-46.6076066
-23.5365666,-46.6358216
-23.5362993,-46.635765
-23.5362541,-46.6357562
-23.5369278,-46.6355357
-23.5371802,-46.6356062
-23.5734039,-46.6449667
-23.5302105,-46.6468165
-23.5022848,-46.5822692
-23.5293018,-46.64706
-23.530513,-46.6464573
-23.5707223,-46.7097037
-23.5540314,-46.5941667
-23.481734,-46.6222415
-23.4999844,-46.62416
-23.4999861,-46.6240555
-23.4999906,-46.6237738
-23.4896332,-46.716863
-23.5412406,-46.5901215
-23.5140004,-46.4954708
-23.5144279,-46.4955229
-23.5144828,-46.4959901
-23.5656939,-46.6508683
-23.5067842,-46.5958052
-23.6146467,-46.5019483
-23.5674159,-46.6234019
-23.5684843,-46.6267554
-23.5682047,-46.625979
-23.5692476,-46.6219505
-23.6013162,-46.6508215
-23.4909548,-46.5918049
-23.4925945,-46.5840026
-23.4998298,-46.5914579
-23.6765737,-46.6597846
-23.5008447,-46.6044851
-23.5006516,-46.6051271
-23.5007628,-46.604787
-23.5000046,-46.6099776
-23.5025603,-46.6104906
-23.5213775,-46.7010503
-23.521026,-46.7007961
-23.5211623,-46.7008098
-23.6036194,-46.6920356
-23.5776741,-46.6390295
-23.5792524,-46.6401339
-23.5780452,-46.6401812
-23.5896982,-46.6801684
-23.5944758,-46.6843178
-23.6260894,-46.4706679
-23.665634,-46.6906483
-23.5552608,-46.6881197
-23.5645116,-46.6947693
-23.5604258,-46.6980741
-23.560705,-46.6981379
-23.5620522,-46.6981259
-23.5617301,-46.6990276
-23.5622963,-46.6990414
-23.5612501,-46.699036
-23.5598,-46.6992044
-23.5629456,-46.6933082
-23.5623304,-46.6934321
-23.5627066,-46.6923577
-23.5619755,-46.6932263
-23.5620225,-46.6933088
-23.5617968,-46.692998
-23.561631,-46.6931296
-23.5613243,-46.694053
-23.5615617,-46.694287
-23.5616611,-46.6942175
-23.5630055,-46.692491
-23.562952,-46.6924058
-23.7065827,-46.689681
-23.5638797,-46.6956181
-23.5638763,-46.6955763
-23.5618764,-46.6966589
-23.5613621,-46.6978861
-23.5612716,-46.697729
-23.5647063,-46.6991316
-23.5649023,-46.6991355
-23.5608623,-46.7001528
-23.5606218,-46.7001445
-23.5611258,-46.7001555
-23.561697,-46.7001762
-23.56,-46.6999299
-23.5607958,-46.6992189
-23.5611338,-46.699225
-23.5620051,-46.6992527
-23.5653518,-46.6992668
-23.565333,-46.6995658
-23.5661237,-46.699935
-23.5653324,-46.7000211
-23.566107,-46.700075
-23.5638732,-46.6941985
-23.5088206,-46.4894631
-23.645748,-46.5910107
-23.6180934,-46.6053352
-23.501581,-46.5705644
-23.4922209,-46.5750224
-23.5579808,-46.6913433
-23.5574928,-46.6919752
-23.5568718,-46.6924087
-23.5556549,-46.6932592
-23.5479097,-46.6918732
-23.6487604,-46.5966053
-23.469198,-46.6464552
-23.5623093,-46.680374
-23.5583627,-46.6510532
-23.5569885,-46.6499422
-23.5619231,-46.6583278
-23.56074,-46.6585433
-23.5608021,-46.6586085
-23.5608624,-46.6586708
-23.5609667,-46.658801
-23.5582926,-46.6372226
-23.5188344,-46.4403075
-23.5828795,-46.6740878
-23.5990353,-46.7966273
-23.5991159,-46.7962016
-23.5985869,-46.7966459
-23.4928422,-46.6110912
-23.4929587,-46.6111081
-23.4932137,-46.6111672
-23.5665765,-46.6328667
-23.5666042,-46.6332719
-23.5648736,-46.6325877
-23.5685891,-46.6333281
-23.5678431,-46.6336708
-23.5694914,-46.6322364
-23.5658891,-46.6322831
-23.565876,-46.631769
-23.6575688,-46.673462
-23.567594,-46.6332925
-23.5664342,-46.6330318
-23.4972375,-46.6259807
-23.4987376,-46.625516
-23.5706461,-46.6317015
-23.5857558,-46.6055764
-23.6046568,-46.5619733
-23.4892311,-46.6656392
-23.6239732,-46.688649
-23.6293769,-46.7318139
-23.6291908,-46.7319222
-23.6291107,-46.7320085
-23.6279463,-46.7326357
-23.4773565,-46.633596
-23.4935577,-46.6476844
-23.4937268,-46.6474011
-23.4812794,-46.6733646
-23.4991509,-46.69861
-23.5019438,-46.6942534
-23.5013343,-46.6955414
-23.5010387,-46.6942699
-23.4992032,-46.699201
-23.4991939,-46.6990369
-23.5023173,-46.6953029
-23.501336,-46.6944537
-23.4972792,-46.6900151
-23.4744211,-46.6680945
-23.5908272,-46.7719191
-23.5903242,-46.7696259
-23.5001561,-46.701514
-23.5003076,-46.6999068
-23.5157235,-46.6269078
-23.5117942,-46.6260072
-23.5123497,-46.6260081
-23.508997,-46.627162
-23.5068435,-46.6263584
-23.5050077,-46.6264443
-23.5047392,-46.6270961
-23.4973701,-46.6261632
-23.4943133,-46.6276369
-23.6002079,-46.6690385
-23.6685829,-46.6425508
-23.4520072,-46.6996449
-23.4992132,-46.6233982
-23.5000706,-46.620858
-23.5855833,-46.6436167
-23.5851161,-46.641879
-23.632435,-46.7061934
-23.571589,-46.7069541
-23.5715198,-46.707225
-23.5701463,-46.7125558
-23.5707411,-46.7106536
-23.5729547,-46.7064543
-23.5809251,-46.6808855
-23.6543483,-46.6566259
-23.6504468,-46.7007887
-23.5563706,-46.4919888
-23.5576405,-46.4860412
-23.6316104,-46.704788
-23.6234388,-46.6883243
-23.6238199,-46.6882761
-23.5690837,-46.6570972
-23.6368386,-46.6410777
-23.517722,-46.38837
-23.56913,-46.6501813
-23.5512884,-46.6505328
-23.4837833,-46.5908726
-23.484448,-46.5913295
-23.5557797,-46.6571457
-23.6188256,-46.6394586
-23.6206835,-46.639516
-23.6148758,-46.6435977
-23.6144206,-46.6435866
-23.6214626,-46.6404545
-23.6198788,-46.6413193
-23.6184147,-46.6412193
-23.617257,-46.6398794
-23.617987,-46.639631
-23.6190685,-46.640879
-23.4902509,-46.6099027
-23.574238,-46.7420213
-23.5595618,-46.7476145
-23.5595073,-46.7476453
-23.5132137,-46.6867004
-23.5122879,-46.6870861
-23.5546901,-46.7436805
-23.6312785,-46.727556
-23.6306751,-46.7297586
-23.4980474,-46.6112649
-23.6370746,-46.4624472
-23.5424559,-46.5486197
-23.714479,-46.7789369
-23.4275003,-46.7258053
-23.5463741,-46.6438437
-23.5005549,-46.5883602
-23.5026479,-46.6368527
-23.5031156,-46.6369246
-23.5031939,-46.6374439
-23.5031886,-46.6375702
-23.6179832,-46.6435453
-23.5964462,-46.4542829
-23.591501,-46.5416438
-23.5914279,-46.5417686
-23.5914564,-46.5799173
-23.5737444,-46.6123415
-23.5799225,-46.5820224
-23.5902037,-46.5748999
-23.4739281,-46.6690201
-23.5577224,-46.6904568
-23.4880199,-46.6538805
-23.4406315,-46.7080444
-23.5629111,-46.6690855
-23.5318437,-46.6186736
-23.5300475,-46.6176928
-23.6322826,-46.7071657
-23.5157309,-46.5878733
-23.6122769,-46.695634
-23.5259935,-46.6008533
-23.5152111,-46.5864808
-23.5152689,-46.5865304
-23.5157159,-46.5868675
-23.5588779,-46.6795825
-23.600442,-46.6885746
-23.506376,-46.6051642
-23.5435916,-46.4378588
-23.5333384,-46.6106144
-23.5894249,-46.7695812
-23.5903723,-46.7681138
-23.5907504,-46.7698733
-23.5902384,-46.7698491
-23.4911865,-46.6351417
-23.4914115,-46.6364357
-23.5440907,-46.6205585
-23.5461146,-46.6217228
-23.5464691,-46.6224689
-23.935902,-46.8063577
-23.5596598,-46.6348135
-23.4406215,-46.7079803
-23.4963793,-46.7498341
-23.5041382,-46.6146062
-23.6465433,-46.6702813
-23.5403873,-46.6616191
-23.7152803,-46.7046033
-23.5189417,-46.6062211
-23.5399422,-46.6006462
-23.599895,-46.6766368
-23.5095362,-46.6059038
-23.5727602,-46.5036795
-23.4834228,-46.6459128
-23.5121841,-46.606094
-23.6062091,-46.6684394
-23.5194478,-46.5838061
-23.4822256,-46.5659182
-23.4819473,-46.5664776
-23.6075381,-46.6137828
-23.5389885,-46.6346045
-23.5325166,-46.4337738
-23.4919008,-46.6180175
-23.5471836,-46.5906809
-23.5460153,-46.5925463
-23.5626361,-46.5766131
-23.5417098,-46.6354953
-23.4775362,-46.6461791
-23.4774257,-46.6462996
-23.5455855,-46.6434878
-23.4822287,-46.633727
-23.4859936,-46.64031
-23.5549833,-46.693183
-23.4863113,-46.618503
-23.5570197,-46.6866303
-23.5543611,-46.6352426
-23.5270072,-46.6317206
-23.5333331,-46.6300346
-23.5264023,-46.6417057
-23.5552137,-46.6572508
-23.5552351,-46.6572765
-23.5708276,-46.5698535
-23.5233571,-46.6859851
-23.5231111,-46.6868295
-23.5351433,-46.6827422
-23.7940558,-46.7428327
-23.5395558,-46.706317
-23.5394428,-46.7063178
-23.5355046,-46.7135061
-23.5007988,-46.6860586
-23.5361462,-46.6424121
-23.5360486,-46.6424858
-23.5359859,-46.6425332
-23.5352369,-46.6878464
-23.5373861,-46.6816459
-23.4737252,-46.5891789
-23.473459,-46.5888075
-23.6131999,-46.5040818
-23.5701458,-46.6909794
-23.5141389,-46.5708025
-23.4765696,-46.7396433
-23.5664883,-46.6890492
-23.5869991,-46.679512
-23.6344722,-46.7753914
-23.5643307,-46.6493985
-23.5299556,-46.6890222
-23.5651348,-46.6496864
-23.5599448,-46.6598783
-23.5626857,-46.6474733
-23.521997,-46.5931639
-23.6885457,-46.7661551
-23.5041807,-46.640742
-23.6707869,-46.7403967
-23.6706282,-46.7398411
-23.6701084,-46.7391675
-23.6674056,-46.7381211
-23.6677838,-46.7380488
-23.6676387,-46.7380745
-23.6675371,-46.7380785
-23.6674836,-46.7380835
-23.6682553,-46.7375591
-23.674401,-46.7477261
-23.6743611,-46.74764
-23.6745761,-46.747945
-23.6731777,-46.7444064
-23.6730298,-46.7440954
-23.6686621,-46.7389574
-23.6718622,-46.7444857
-23.6740075,-46.7470426
-23.673954,-46.7470109
-23.6732335,-46.742904
-23.6268887,-46.6340525
-23.5010797,-46.6226441
-23.6063511,-46.6588391
-23.5943389,-46.6835144
-23.5834727,-46.6853267
-23.5581558,-46.6332706
-23.5119907,-46.5920335
-23.5645641,-46.7308858
-23.6009844,-46.644806
-23.5718678,-46.6483955
-23.5786718,-46.6624591
-23.5905443,-46.5052564
-23.5639901,-46.4637591
-23.6074324,-46.4808231
-23.4993778,-46.6204173
-23.5572737,-46.575515
-23.5855666,-46.6763419
-23.6079211,-46.6660501
-23.6223579,-46.6987782
-23.6241185,-46.699531
-23.62381,-46.6993834
-23.6231099,-46.6981843
-23.6227807,-46.6989219
-23.6227703,-46.6985777
-23.6233664,-46.6991716
-23.609141,-46.6965778
-23.6091925,-46.6964571
-23.6090983,-46.6960752
-23.6088123,-46.6961038
-23.6091747,-46.696092
-23.6087648,-46.6964452
-23.6103465,-46.697333
-23.6101532,-46.697041
-23.6102,-46.6972562
-23.6105105,-46.697333
-23.6106862,-46.697024
-23.5640358,-46.6492126
-23.5543122,-46.6524059
-23.554225,-46.6523275
-23.5543504,-46.6524535
-23.5542176,-46.6519975
-23.5541465,-46.652653
-23.5540184,-46.6528639
-23.5542717,-46.6525608
-23.5543752,-46.6521924
-23.5540504,-46.652483
-23.5415684,-46.5761803
-23.5416417,-46.5763975
-23.5414865,-46.5762889
-23.541299,-46.5758162
-23.5414689,-46.5757171
-23.5416417,-46.5773408
-23.5417471,-46.5768776
-23.5420048,-46.5770054
-23.5415889,-46.5760312
-23.5416504,-46.5760983
-23.5413869,-46.5758012
-23.5412493,-46.5756351
-23.5413986,-46.5765582
-23.5416914,-46.5774462
-23.5419111,-46.5772098
-23.5390947,-46.5763618
-23.5390574,-46.5764539
-23.5389376,-46.576381
-23.5389867,-46.5761582
-23.5391222,-46.5761153
-23.539136,-46.5765546
-23.5388433,-46.5763189
-23.5387058,-46.5766917
-23.5389513,-46.5758625
-23.590828,-46.769887
-23.5859637,-46.7204379
-23.5837117,-46.6790574
-23.5019366,-46.7143961
-23.4991586,-46.7156075
-23.5394249,-46.6831795
-23.6697187,-46.6962036
-23.5893172,-46.7169941
-23.5633335,-46.6560812
-23.5705998,-46.645695
-23.5706376,-46.6456269
-23.594742,-46.6769519
-23.5945629,-46.6773783
-23.5769466,-46.6263629
-23.5769939,-46.6263691
-23.5753202,-46.6232036
-23.5754508,-46.6232347
-23.575537,-46.6232501
-23.5727941,-46.6226841
-23.5723112,-46.6225927
-23.5754199,-46.6234046
-23.5751077,-46.623367
-23.5755721,-46.6234423
-23.5751153,-46.6231697
-23.5750073,-46.6233156
-23.6451323,-46.7032752
-23.5618661,-46.5186596
-23.5637447,-46.5189205
-23.474515,-46.5775674
-23.5168798,-46.6240346
-23.5170081,-46.624009
-23.5756834,-46.6438501
-23.554209,-46.6527817
-23.5891332,-46.7198914
-23.5535606,-46.6943024
-23.5480554,-46.6420234
-23.5703545,-46.660934
-23.5840156,-46.671306
-23.5540797,-46.6528354
-23.5614372,-46.6444057
-23.5564376,-46.6453383
-23.5543795,-46.6440083
-23.612653,-46.6689505
-23.5574312,-46.6920343
-23.5343071,-46.56972
-23.5000495,-46.5196556
-23.4995748,-46.5190161
-23.5676413,-46.5884966
-23.5590503,-46.6600852
-23.5608566,-46.6964316
-23.5586056,-46.6681465
-23.5168813,-46.6242527
-23.6066718,-46.6648121
-23.5858766,-46.7248169
-23.5857543,-46.72512
-23.5857529,-46.7248538
-23.5859337,-46.7248619
-23.585856,-46.7251468
-23.5858926,-46.7251347
-23.5381568,-46.5986454
-23.5353202,-46.6368454
-23.5336333,-46.6759723
-23.5570699,-46.6589643
-23.4631092,-46.6614375
-23.5628438,-46.6662097
-23.5610885,-46.6978263
-23.5706639,-46.6446075
-23.570694,-46.6445668
-23.6096873,-46.6639143
-23.6097403,-46.6639671
-23.5631029,-46.6661445
-23.562557,-46.6941321
-23.5560986,-46.6899939
-23.6079035,-46.6848164
-23.5437577,-46.6456172
-23.55695,-46.6886379
-23.5545812,-46.6938426
-23.5659024,-46.6600327
-23.5726856,-46.6763781
-23.5578944,-46.6361906
-23.5445565,-46.6499405
-23.5894215,-46.6724356
-23.6329603,-46.7158061
-23.5352685,-46.6786089
-23.5354707,-46.6907859
-23.5341005,-46.69326
-23.536409,-46.6954018
-23.6292099,-46.7112238
-23.5539278,-46.657713
-23.6669177,-46.6949169
-23.5736323,-46.6605785
-23.567507,-46.6546703
-23.57337,-46.6607264
-23.5734079,-46.6604337
-23.5665527,-46.6539733
-23.4981784,-46.5951899
-23.5275204,-46.6378594
-23.5319119,-46.6374286
-23.4901127,-46.4141085
-23.5496801,-46.6351196
-23.5689076,-46.6490783
-23.6091877,-46.6600154
-23.503967,-46.6211462
-23.5413416,-46.6706503
-23.5357054,-46.6392733
-23.5649283,-46.666774
-23.582875,-46.6495399
-23.6037103,-46.6479567
-23.6038702,-46.6442354
-23.8066524,-46.677202
-23.806866,-46.6769677
-23.5865702,-46.6759237
-23.6138033,-46.6019851
-23.6137489,-46.6022803
-23.5593815,-46.6628302
-23.6349765,-46.699004
-23.6398051,-46.7029763
-23.6344472,-46.701163
-23.6373529,-46.6984697
-23.6362652,-46.6990347
-23.6347893,-46.6998184
-23.6387657,-46.7033678
-23.6348193,-46.6997725
-23.6346587,-46.6996596
-23.6345939,-46.6997908
-23.6351518,-46.7116473
-23.6352337,-46.7116542
-23.6355683,-46.7116008
-23.6401897,-46.6974829
-23.5343465,-46.6126885
-23.6356984,-46.6996366
-23.5739406,-46.6588015
-23.5874168,-46.6411098
-23.5498254,-46.6792793
-23.5641373,-46.6886327
-23.5648216,-46.6690765
-23.5987176,-46.6975764
-23.564653,-46.668914
-23.5645977,-46.668855
-23.5489295,-46.674722
-23.5629339,-46.6433513
-23.5718365,-46.7085634
-23.553116,-46.7287896
-23.556196,-46.7329975
-23.5720842,-46.7044608
-23.5719419,-46.7058843
-23.560651,-46.7352578
-23.5647452,-46.6855004
-23.4984006,-46.6378423
-23.5867483,-46.7196913
-23.5863729,-46.720379
-23.5621741,-46.7204429
-23.5621662,-46.7207005
-23.5794794,-46.6355404
-23.5622919,-46.6871766
-23.4857011,-46.4879884
-23.5869397,-46.7206615
-23.5827063,-46.6814631
-23.5829585,-46.6816134
-23.6040368,-46.6354579
-23.6054821,-46.6495401
-23.634051,-46.6403012
-23.6341382,-46.6406096
-23.5820005,-46.6798779
-23.5812852,-46.6800393
-23.5711751,-46.708315
-23.6485293,-46.6670049
-23.6481815,-46.6687249
-23.6482076,-46.6687818
-23.5833494,-46.583095
-23.5834147,-46.5825868
-23.5850739,-46.5809933
-23.5849697,-46.5802831
-23.5837406,-46.5820276
-23.582992,-46.5852236
-23.5993071,-46.6097813
-23.5654461,-46.6827042
-23.557347,-46.6866157
-23.5425872,-46.654678
-23.5474795,-46.6493551
-23.5547126,-46.6644454
-23.5618399,-46.6930479
-23.5380664,-46.4765608
-23.5865986,-46.5689799
-23.5917314,-46.6570017
-23.5677062,-46.6216914
-23.5576752,-46.6362278
-23.5608538,-46.6349583
-23.553454,-46.658043
-23.5578449,-46.6354376
-23.5576965,-46.6353545
-23.559579,-46.6318943
-23.5286709,-46.6531441
-23.5594595,-46.6614496
-23.5595255,-46.6613145
-23.5594715,-46.6613487
-23.5554543,-46.6345676
-23.5781439,-46.635193
-23.5779153,-46.6349815
-23.5777048,-46.6394613
-23.5784918,-46.6422528
-23.5845998,-46.6434424
-23.5652879,-46.6982163
-23.5295117,-46.6363275
-23.5570409,-46.6362459
-23.5670219,-46.7254911
-23.5772804,-46.6306693
-23.5662345,-46.6871216
-23.5660539,-46.6872577
-23.5813924,-46.549405
-23.5543336,-46.657505
-23.5395396,-46.6115077
-23.5656451,-46.6831647
-23.5656321,-46.683109
-23.5590377,-46.6892467
-23.564529,-46.6840563
-23.5617908,-46.680488
-23.5627225,-46.6815472
-23.5672377,-46.6864423
-23.5646082,-46.6840015
-23.5661691,-46.6844986
-23.5654053,-46.6825789
-23.5675226,-46.6900712
-23.5681774,-46.6890447
-23.5654945,-46.6827984
-23.5658484,-46.6846966
-23.633155,-46.6134446
-23.5825752,-46.6805528
-23.5576694,-46.6357341
-23.4437636,-46.6131864
-23.5556151,-46.6752071
-23.5555683,-46.6752671
-23.5558102,-46.6753655
-23.5534804,-46.6767501
-23.6699888,-46.7813704
-23.5382905,-46.562517
-23.5588954,-46.6758538
-23.5606054,-46.6750051
-23.5763624,-46.6341452
-23.5773359,-46.6345917
-23.5589332,-46.6753563
-23.5906179,-46.7393264
-23.5652028,-46.6919435
-23.5747441,-46.6329617
-23.476492,-46.565051
-23.5477994,-46.6339816
-23.5478619,-46.6347221
-23.5483751,-46.6344895
-23.6211631,-46.5856855
-23.5621921,-46.6155123
-23.572632,-46.6330848
-23.575551,-46.6342988
-23.5767654,-46.6307958
-23.5766013,-46.6310379
-23.5766788,-46.6310111
-23.4598398,-46.6751331
-23.4603378,-46.6765629
-23.7214603,-46.797268
-23.6356167,-46.6983859
-23.6391186,-46.6958722
-23.5613744,-46.6876091
-23.5592071,-46.6800676
-23.5596122,-46.6348237
-23.6018238,-46.6690154
-23.5994815,-46.6683136
-23.5607564,-46.6728332
-23.5638401,-46.6858882
-23.5568474,-46.6309644
-23.5567748,-46.6299921
-23.5627518,-46.6868447
-23.5626457,-46.6867236
-23.5626143,-46.6867437
-23.5030679,-46.6874821
-23.5333643,-46.6475777
-23.571481,-46.707378
-23.5356754,-46.6606695
-23.5042303,-46.5378422
-23.6514818,-46.6523778
-23.6521832,-46.6516818
-23.6511673,-46.6529907
-23.573821,-46.6434101
-23.5745389,-46.6430814
-23.5742221,-46.6432319
-23.5739396,-46.6433708
-23.5733653,-46.6438941
-23.573383,-46.6438849
-23.5272136,-46.6374294
-23.5068639,-46.6002128
-23.6204837,-46.6285115
-23.6402354,-46.6426265
-23.6171043,-46.6321113
-23.6163818,-46.631484
-23.6169037,-46.6327373
-23.5606025,-46.6980563
-23.6080953,-46.4000464
-23.5800126,-46.4113151
-23.6079453,-46.4004171
-23.539954,-46.645342
-23.5422663,-46.6719589
-23.5614796,-46.6882335
-23.5646655,-46.6934728
-23.5907149,-46.7187817
-23.5882182,-46.7228812
-23.6337927,-46.6370406
-23.6112044,-46.5292948
-23.5621922,-46.6870213
-23.5292478,-46.6364653
-23.5304679,-46.6382768
-23.5864393,-46.6280634
-23.5837297,-46.6275115
-23.5288039,-46.638169
-23.5277587,-46.637802
-23.6101211,-46.5322033
-23.6111687,-46.5296575
-23.6111471,-46.5300157
-23.6111043,-46.5301856
-23.6098528,-46.5325609
-23.609773,-46.5328079
-23.6100503,-46.5324848
-23.5646893,-46.6871337
-23.5629149,-46.6565761
-23.6082372,-46.5266555
-23.6118351,-46.5284157
-23.6113707,-46.529173
-23.6117826,-46.5284889
-23.6091986,-46.5288829
-23.6073799,-46.5278037
-23.5897857,-46.721898
-23.624379,-46.6973197
-23.5457801,-46.6920808
-23.5292764,-46.6858914
-23.5278615,-46.688641
-23.5592756,-46.6840556
-23.564637,-46.6839379
-23.5593702,-46.6594883
-23.5592009,-46.6593388
-23.5592122,-46.659326
-23.5592958,-46.6592309
-23.6070501,-46.5315692
-23.6031698,-46.526646
-23.6076772,-46.5319831
-23.5645651,-46.6893467
-23.5679632,-46.688288
-23.5653545,-46.6918564
-23.5675582,-46.6929353
-23.5890792,-46.7171663
-23.5599981,-46.6978447
-23.559972,-46.6971522
-23.5448271,-46.6454624
-23.5742256,-46.6561126
-23.5662147,-46.6869572
-23.5884697,-46.7174276
-23.5864785,-46.7192231
-23.5943378,-46.7211457
-23.5942258,-46.7211483
-23.5607702,-46.6830757
-23.564651,-46.6866955
-23.5375173,-46.6628191
-23.5571653,-46.6855192
-23.5636814,-46.6875442
-23.5640392,-46.6873598
-23.6093664,-46.6946546
-23.5672277,-46.6862622
-23.5662151,-46.6956454
-23.5615832,-46.6801271
-23.6385141,-46.643587
-23.6262031,-46.6657803
-23.5629577,-46.6921903
-23.6127245,-46.7261313
-23.6130636,-46.72616
-23.6130646,-46.7260663
-23.6131767,-46.7260795
-23.613219,-46.7260884
-23.6136036,-46.7261379
-23.5690369,-46.6590809
-23.5646086,-46.6806564
-23.5648745,-46.680795
-23.5684185,-46.6891378
-23.5680359,-46.6901592
-23.5375228,-46.6718047
-23.5481907,-46.6881341
-23.5421678,-46.6641003
-23.5406377,-46.6621893
-23.5484241,-46.6746842
-23.5463888,-46.6689622
-23.5340016,-46.6598357
-23.5340524,-46.6598762
-23.5633673,-46.6877876
-23.6114126,-46.6939278
-23.5360843,-46.6571064
-23.6032387,-46.6912496
-23.6064885,-46.6935109
-23.6067862,-46.6932286
-23.6054601,-46.6916298
-23.5601019,-46.6819394
-23.5618286,-46.6848135
-23.557225,-46.6755044
-23.556861,-46.6761831
-23.5656168,-46.6834884
-23.6050364,-46.5586597
-23.6040653,-46.5568249
-23.5359302,-46.6569203
-23.5660236,-46.6449323
-23.5747661,-46.6464201
-23.5589525,-46.6881633
-23.5650983,-46.6811397
-23.5538636,-46.6609847
-23.5543753,-46.6610132
-23.6085561,-46.5548899
-23.5864271,-46.6591746
-23.586428,-46.6590442
-23.5864763,-46.6592465
-23.5864434,-46.6591959
-23.5864089,-46.6591484
-23.5864533,-46.6590312
-23.6460963,-46.6703802
-23.586488,-46.6590278
-23.5637692,-46.6834477
-23.6052391,-46.5588653
-23.518168,-46.5911262
-23.603606,-46.6928133
-23.6818843,-46.6384914
-23.5850751,-46.642205
-23.5837554,-46.6416892
-23.5350587,-46.6530116
-23.5349541,-46.6531505
-23.5682072,-46.6910903
-23.517859,-46.7466059
-23.5174834,-46.7459378
-23.6077467,-46.637541
-23.5525403,-46.6522471
-23.57222,-46.6479913
-23.5615026,-46.6950951
-23.5631987,-46.6852402
-23.532302,-46.6730734
-23.5319728,-46.6659805
-23.5313602,-46.6670981
-23.5582119,-46.6871299
-23.554999,-46.6567719
-23.5521266,-46.6760302
-23.5540586,-46.6606151
-23.554253,-46.657607
-23.5266807,-46.6518485
-23.5505695,-46.6460623
-23.5633214,-46.6728148
-23.6015565,-46.6688678
-23.5574528,-46.6771491
-23.562436,-46.6856483
-23.563797,-46.6874651
-23.5557642,-46.6663562
-23.5517776,-46.649213
-23.5531071,-46.6521614
-23.5593008,-46.6685612
-23.5684807,-46.6493798
-23.5561312,-46.6582155
-23.5833591,-46.6043542
-23.5208676,-46.7316981
-23.5837097,-46.6067942
-23.6134549,-46.5011952
-23.6135164,-46.5012176
-23.5527578,-46.6511735
-23.552333,-46.6514514
-23.5428997,-46.6459624
-23.5446363,-46.6460952
-23.5462866,-46.6420245
-23.5474631,-46.6431479
-23.5964686,-46.5489017
-23.5540259,-46.6036845
-23.5320065,-46.6658601
-23.5259813,-46.5483766
-23.7761737,-46.7238626
-23.5464453,-46.6422097
-23.5310595,-46.6497173
-23.5310016,-46.6496951
-23.5278277,-46.671421
-23.532646,-46.6615719
-23.5224072,-46.6515515
-23.5113488,-46.5706552
-23.5615674,-46.6742991
-23.5711683,-46.6954413
-23.5677685,-46.6849647
-23.5557049,-46.6591327
-23.5679088,-46.6852154
-23.5377856,-46.6475292
-23.5432253,-46.6455612
-23.5515551,-46.6512822
-23.5515693,-46.6513347
-23.5523076,-46.6506742
-23.5715446,-46.7095262
-23.5709596,-46.7090033
-23.5690489,-46.6865387
-23.547671,-46.6550754
-23.5500362,-46.6537396
-23.4943027,-46.683982
-23.4945821,-46.6835797
-23.5673203,-46.5656986
-23.5564998,-46.657861
-23.556268,-46.6581077
-23.5564442,-46.6579165
-23.5565321,-46.6578196
-23.5410031,-46.6571441
-23.5548496,-46.6554728
-23.5544682,-46.6504748
-23.6056855,-46.6639727
-23.5199011,-46.5482282
-23.5904987,-46.7166607
-23.570928,-46.6631973
-23.5795879,-46.6849865
-23.5767322,-46.7145924
-23.5338128,-46.6559686
-23.5338794,-46.6558752
-23.5325947,-46.657953
-23.5998545,-46.6337408
-23.5153337,-46.676041
-23.5512812,-46.6498438
-23.5228139,-46.5212183
-23.5223454,-46.521162
-23.5226036,-46.5211553
-23.5622491,-46.689223
-23.5557691,-46.6662509
-23.5567695,-46.6803984
-23.5653072,-46.6979032
-23.5553839,-46.6780747
-23.5652967,-46.6982147
-23.560636,-46.6868075
-23.563365,-46.6913775
-23.5989767,-46.685848
-23.6140881,-46.6688133
-23.6048003,-46.6791066
-23.6302368,-46.7175217
-23.5903118,-46.7374767
-23.5576767,-46.6361078
-23.5576767,-46.6360688
-23.5576756,-46.6361841
-23.5576762,-46.6361472
-23.5582494,-46.6366447
-23.5584099,-46.6369402
-23.5584377,-46.6363872
-23.5584211,-46.6364956
-23.5582752,-46.6364645
-23.5508262,-46.6464843
-23.6099164,-46.6944194
-23.6337648,-46.6795211
-23.5482114,-46.6647203
-23.5487029,-46.6647087
-23.548922,-46.6657433
-23.5489968,-46.6657393
-23.5489086,-46.664713
-23.5489901,-46.664715
-23.5727516,-46.6229326
-23.5719477,-46.6227401
-23.5728067,-46.6229372
-23.5481559,-46.6486578
-23.5427521,-46.6564319
-23.5560121,-46.6875913
-23.5732296,-46.6227545
-23.5543406,-46.6555241
-23.5546186,-46.6352874
-23.5544603,-46.6357663
-23.5510729,-46.649267
-23.5533596,-46.6552635
-23.5798286,-46.5938207
-23.579755,-46.5945299
-23.580112,-46.5943529
-23.5795859,-46.5946426
-23.5795193,-46.5943776
-23.580216,-46.5937908
-23.5795696,-46.5939182
-23.5805544,-46.5941813
-23.5810442,-46.5934334
-23.5795416,-46.5940579
-23.5548677,-46.6548254
-23.5540231,-46.6535242
-23.5675202,-46.6929542
-23.5542863,-46.6557216
-23.6105455,-46.6513237
-23.5586949,-46.630676
-23.5623162,-46.7252007
-23.537267,-46.6923354
-23.5382426,-46.6951258
-23.5379672,-46.6908249
-23.5544893,-46.6357744
-23.5542813,-46.6357862
-23.5541369,-46.6358014
-23.5534123,-46.6351573
-23.5533681,-46.6351385
-23.5538223,-46.6353632
-23.552912,-46.6348958
-23.5447709,-46.6608417
-23.5579381,-46.6902695
-23.5545887,-46.6565587
-23.5660793,-46.6843219
-23.5536365,-46.655567
-23.5549546,-46.6567313
-23.5663747,-46.66895
-23.5811392,-46.6840859
-23.6256649,-46.6066863
-23.6257638,-46.6066428
-23.627382,-46.6063625
-23.6274969,-46.6060976
-23.6277309,-46.6059957
-23.6246641,-46.6069559
-23.6248601,-46.6083949
-23.6251005,-46.6088254
-23.626748,-46.6080938
-23.6228071,-46.6079845
-23.6229134,-46.6079658
-23.6208743,-46.6083017
-23.5537271,-46.6554173
-23.5562838,-46.6583745
-23.5394098,-46.683198
-23.5521464,-46.6526275
-23.5409257,-46.6822741
-23.5408199,-46.6823097
-23.5852621,-46.6839543
-23.5837085,-46.6832385
-23.5818642,-46.6838626
-23.5640047,-46.666241
-23.5590133,-46.6609939
-23.5490833,-46.6320426
-23.57176,-46.7085098
-23.5722079,-46.7051595
-23.5655912,-46.6798609
-23.5533443,-46.6354758
-23.5536935,-46.6355047
-23.552879,-46.6353994
-23.5545583,-46.6556011
-23.5518552,-46.6522251
-23.5487407,-46.655594
-23.5569614,-46.6292946
-23.5580008,-46.6304318
-23.559473,-46.6310576
-23.558101,-46.6288883
-23.5581305,-46.6287918
-23.5815629,-46.6840349
-23.5595211,-46.6615754
-23.5783125,-46.6809126
-23.5855219,-46.6849182
-23.5641607,-46.6666437
-23.558256,-46.6604887
-23.6700185,-46.6663942
-23.5397998,-46.6812742
-23.5686053,-46.7559877
-23.5547278,-46.6549422
-23.6540226,-46.6569295
-23.6539981,-46.656957
-23.6543033,-46.6570146
-23.6542395,-46.6570676
-23.633909,-46.6941003
-23.5294088,-46.6366415
-23.5453336,-46.6345894
-23.5813103,-46.5632982
-23.7038065,-46.6430798
-23.4570366,-46.5849997
-23.4824942,-46.6354216
-23.6954156,-46.7635081
-23.5540719,-46.6560306
-23.6807367,-46.6322281
-23.6034146,-46.6622994
-23.6229034,-46.698601
-23.6241892,-46.6996189
-23.6234342,-46.698495
-23.6224248,-46.6986841
-23.6228635,-46.6980504
-23.6229673,-46.6983642
-23.6227191,-46.6981698
-23.6256366,-46.6987458
-23.6299955,-46.6448799
-23.6195124,-46.6502404
-23.6193572,-46.6501539
-23.6325907,-46.7002837
-23.6122877,-46.4801235
-23.6117807,-46.4939817
-23.6125748,-46.4935057
-23.6108921,-46.494118
-23.404637,-46.7507807
-23.4890329,-46.6100467
-23.4887827,-46.6099995
-23.5540676,-46.6612516
-23.5557497,-46.6660792
-23.5452862,-46.6909133
-23.5810202,-46.6851264
-23.5816923,-46.6839774
-23.5650038,-46.6675125
-23.5605794,-46.6628892
-23.5260693,-46.6314527
-23.5536832,-46.6579813
-23.5503482,-46.6535716
-23.4992975,-46.6837798
-23.5531,-46.6358435
-23.5531196,-46.6355352
-23.5599929,-46.6463726
-23.6553377,-46.6138751
-23.5578398,-46.6355295
-23.5547468,-46.6499394
-23.5533021,-46.6507061
-23.5544732,-46.6500126
-23.5510574,-46.6355609
-23.5541641,-46.6486065
-23.5233496,-46.6284888
-23.5893592,-46.6351007
-23.5499289,-46.645035
-23.5502158,-46.6450153
-23.6312838,-46.7375491
-23.6010819,-46.6241415
-23.5551532,-46.6773784
-23.5578666,-46.6815156
-23.5612756,-46.6879237
-23.5566671,-46.680214
-23.563573,-46.6917467
-23.6157273,-46.6434515
-23.602779,-46.6273002
-23.5739469,-46.6494987
-23.5520693,-46.6761345
-23.5704013,-46.655233
-23.5438602,-46.6501698
-23.545489,-46.6488404
-23.5450361,-46.6418062
-23.5450668,-46.6416471
-23.5449173,-46.6418906
-23.5486666,-46.6383467
-23.5420362,-46.6405338
-23.5444735,-46.6426059
-23.525997,-46.6885974
-23.5373622,-46.6535026
-23.5424396,-46.6532126
-23.5777604,-46.6351786
-23.5772441,-46.6718352
-23.5667784,-46.6591443
-23.5426272,-46.6530065
-23.5390253,-46.6512928
-23.540612,-46.6484932
-23.5676863,-46.718551
-23.5572034,-46.6344004
-23.6212812,-46.6346074
-23.6216437,-46.6375471
-23.6206567,-46.6367045
-23.6213372,-46.6376195
-23.6220514,-46.6382318
-23.6203862,-46.6373421
-23.6225764,-46.6396604
-23.6215204,-46.6392991
-23.6216826,-46.637285
-23.6270621,-46.6759627
-23.5898305,-46.542631
-23.5571791,-46.6554042
-23.5591328,-46.6556577
-23.5645826,-46.6684773
-23.5416201,-46.6449856
-23.5585633,-46.6535362
-23.5705368,-46.6627141
-23.5706474,-46.662797
-23.7255983,-46.7127678
-23.5242987,-46.7343744
-23.5240776,-46.7341131
-23.5224431,-46.7339476
-23.5252276,-46.7331282
-23.5578456,-46.6357885
-23.552185,-46.6527621
-23.5521515,-46.6526731
-23.5877583,-46.6811552
-23.6011934,-46.6655958
-23.5572532,-46.6350385
-23.5479904,-46.6187508
-23.5591198,-46.679899
-23.55645,-46.6754715
-23.5678347,-46.6850933
-23.5570115,-46.6656202
-23.5525372,-46.6524367
-23.5831628,-46.6700046
-23.5611256,-46.6624504
-23.5651504,-46.6791791
-23.5409054,-46.6972832
-23.5442176,-46.6936498
-23.5546138,-46.7081935
-23.533106,-46.6692019
-23.4991571,-46.6248949
-23.5411576,-46.6464791
-23.5412334,-46.6464959
-23.5413727,-46.6464992
-23.5393008,-46.6460971
-23.5390828,-46.6458017
-23.5368744,-46.6427178
-23.5358316,-46.6412067
-23.499891,-46.624931
-23.561218,-46.634725
-23.5587858,-46.6645182
-23.5389207,-46.6499415
-23.5746836,-46.6066087
-23.4757747,-46.6502761
-23.4758452,-46.6502957
-23.4757537,-46.6505002
-23.4757116,-46.6504729
-23.4763774,-46.6504246
-23.4750201,-46.6264807
-23.4747847,-46.6264278
-23.5645908,-46.6929758
-23.5593986,-46.6804219
-23.5600727,-46.6815553
-23.5593406,-46.6803237
-23.5542092,-46.6559399
-23.469455,-46.6451939
-23.607031,-46.5981469
-23.4866432,-46.7568971
-23.4866816,-46.7569064
-23.5295183,-46.5144521
-23.568442,-46.611892
-23.6434102,-46.7013928
-23.560781,-46.6775871
-23.6325665,-46.6964592
-23.6231491,-46.6626689
-23.5606754,-46.6992408
-23.5464423,-46.6223995
-23.5141751,-46.6557661
-23.5561481,-46.6582407
-23.4855338,-46.5760938
-23.4838853,-46.5724753
-23.5368563,-46.6624613
-23.5383395,-46.6540286
-23.5389078,-46.6542305
-23.5391462,-46.6540898
-23.5665209,-46.6798461
-23.5032377,-46.6350383
-23.503142,-46.6348868
-23.5032764,-46.6354993
-23.5038938,-46.6402047
-23.5738117,-46.7275002
-23.5124482,-46.6894584
-23.6126186,-46.4680512
-23.6128485,-46.4677507
-23.5613699,-46.6941359
-23.5614035,-46.6942674
-23.5562317,-46.6985929
-23.5557488,-46.6994929
-23.5556914,-46.6995823
-23.5410397,-46.6822151
-23.5408252,-46.6584002
-23.5596898,-46.6849681
-23.5632457,-46.6919749
-23.5584436,-46.6354444
-23.537746,-46.6680652
-23.5375294,-46.6681343
-23.5365755,-46.6690899
-23.5375973,-46.6745901
-23.6128742,-46.7137196
-23.5818402,-46.6671141
-23.5919855,-46.5403212
-23.5156493,-46.6167988
-23.5081211,-46.6490751
-23.5077131,-46.6488628
-23.5110273,-46.6534834
-23.507837,-46.6495227
-23.5080748,-46.649251
-23.508046,-46.6487864
-23.508471,-46.6522899
-23.5096566,-46.652614
-23.5105156,-46.652831
-23.5136384,-46.6538365
-23.5127565,-46.6537264
-23.5093786,-46.6524458
-23.5085814,-46.6524077
-23.503923,-46.6402696
-23.5061334,-46.6424155
-23.5039921,-46.6403974
-23.5043169,-46.6411593
-23.5037078,-46.6433481
-23.5042021,-46.6407787
-23.5023341,-46.6585723
-23.5028539,-46.6553351
-23.4925334,-46.6294883
-23.5013145,-46.6394236
-23.5031123,-46.6422231
-23.4905832,-46.6194368
-23.4996773,-46.6439307
-23.4995073,-46.6443676
-23.4999916,-46.6483006
-23.496104,-46.644148
-23.499857,-46.647693
-23.5009335,-46.648577
-23.498464,-46.6431134
-23.4996783,-46.6441247
-23.4986218,-46.6433472
-23.4996278,-46.6464168
-23.4997784,-46.644893
-23.4956451,-46.6443701
-23.4951404,-46.6451612
-23.4974183,-46.6509175
-23.4988089,-46.6493284
-23.500111,-46.6484279
-23.5128771,-46.6603636
-23.6657871,-46.7149586
-23.5146281,-46.6164876
-23.5148623,-46.6165854
-23.5147314,-46.6164996
-23.5149084,-46.6166971
-23.5842147,-46.6802921
-23.6336368,-46.6973625
-23.5636281,-46.5938284
-23.5030703,-46.6540958
-23.5030347,-46.6537775
-23.5031981,-46.6396551
-23.5032468,-46.6352258
-23.5032136,-46.6346308
-23.503273,-46.6355662
-23.5036743,-46.6375842
-23.5032473,-46.6352956
-23.5036846,-46.6374325
-23.5037831,-46.6365872
-23.5032323,-46.6341545
-23.5032296,-46.6347192
-23.5733548,-46.7277794
-23.5734368,-46.727819
-23.5736646,-46.7277118
-23.5749364,-46.7285334
-23.5748117,-46.7288589
-23.573446,-46.7325196
-23.5251636,-46.6860599
-23.5731364,-46.7270609
-23.5736422,-46.7263737
-23.5736462,-46.7263845
-23.5792142,-46.7267343
-23.5920639,-46.6802573
-23.5838439,-46.5842406
-23.5524156,-46.6924126
-23.5595321,-46.6815449
-23.559429,-46.6816564
-23.6253539,-46.6599995
-23.6254366,-46.6599429
-23.6255237,-46.6598828
-23.6246869,-46.6603963
-23.6038513,-46.6422889
-23.556008,-46.658657
-23.5560179,-46.6586426
-23.5723318,-46.6597226
-23.5721742,-46.6592081
-23.5724766,-46.6593616
-23.5345478,-46.7318684
-23.5600418,-46.5774031
-23.5587562,-46.577138
-23.5858572,-46.7178787
-23.5855938,-46.7180575
-23.5859714,-46.7178016
-23.5859289,-46.7178114
-23.6075868,-46.6694402
-23.571407,-46.7303263
-23.564191,-46.7221766
-23.6172241,-46.6777324
-23.6174804,-46.6778862
-23.6178586,-46.677406
-23.6180466,-46.6776006
-23.5952576,-46.6885102
-23.5243733,-46.5065603
-23.4916193,-46.5991905
-23.555597,-46.6889936
-23.5714112,-46.6459833
-23.5839117,-46.6746507
-23.5842436,-46.6754722
-23.5831091,-46.6760383
-23.58292,-46.675465
-23.585951,-46.7249173
-23.5859716,-46.7249998
-23.5859614,-46.7249602
-23.5859674,-46.7250803
-23.5859278,-46.725122
-23.585809,-46.7251604
-23.5856808,-46.7251039
-23.5857025,-46.7249318
-23.5856535,-46.7249843
-23.5545553,-46.6939812
-23.5549434,-46.6934527
-23.576047,-46.7418118
-23.5762572,-46.7422061
-23.5762735,-46.7422609
-23.5789183,-46.7184102
-23.5205512,-46.5615189
-23.5851154,-46.7212969
-23.5864657,-46.7210847
-23.5901275,-46.7699629
-23.599379,-46.704974
-23.5992634,-46.7051082
-23.5999646,-46.7053848
-23.6009812,-46.7056742
-23.6050922,-46.7319327
-23.6008566,-46.7280327
-23.6008005,-46.7276402
-23.6112783,-46.7342075
-23.5881108,-46.7176605
-23.6171912,-46.7056529
-23.6174349,-46.7084997
-23.617442,-46.7084351
-23.6137513,-46.7025349
-23.6062099,-46.7128843
-23.6060764,-46.7128874
-23.6115496,-46.706258
-23.6114669,-46.706138
-23.5946078,-46.7075694
-23.5945091,-46.7208253
-23.5819492,-46.7163522
-23.6702103,-46.7397321
-23.6696982,-46.7397307
-23.6695383,-46.7399439
-23.6705644,-46.7402001
-23.6770106,-46.7762216
-23.6758271,-46.7742291
-23.5411468,-46.6481252
-23.5675411,-46.6413459
-23.5243547,-46.7368934
-23.5856064,-46.7206251
-23.5859277,-46.7204597
-23.5347103,-46.5435149
-23.5690181,-46.6991446
-23.6018268,-46.5483412
-23.4509435,-46.6294936
-23.5898491,-46.715733
-23.5681902,-46.6255378
-23.5583165,-46.3999556
-23.5267738,-46.6495946
-23.5948,-46.6718869
-23.6740987,-46.7149092
-23.5539411,-46.6318413
-23.4458057,-46.7052179
-23.5069177,-46.6015249
-23.5579634,-46.6498256
-23.5818092,-46.712514
-23.5817035,-46.7123558
-23.5825331,-46.7125435
-23.5809245,-46.7118278
-23.5065456,-46.5966767
-23.5822129,-46.7121294
-23.5821352,-46.7120329
-23.5936009,-46.7424707
-23.5562401,-46.6428192
-23.592437,-46.5292764
-23.5532342,-46.6431283
-23.5576768,-46.6358474
-23.5361019,-46.6424456
-23.5461978,-46.6421554
-23.544068,-46.6447622
-23.5487888,-46.6436095
-23.5454961,-46.6474917
-23.5449694,-46.7560945
-23.5447179,-46.7559396
-23.5464386,-46.7439763
-23.546489,-46.7433033
-23.5465356,-46.7433175
-23.5464548,-46.7421995
-23.5466284,-46.742031
-23.5468209,-46.7421504
-23.5464963,-46.7434091
-23.5465763,-46.7435331
-23.5467289,-46.7437603
-23.5462009,-46.7433602
-23.5462451,-46.7434036
-23.5463608,-46.7434558
-23.546102,-46.7433057
-23.5460547,-46.7432175
-23.5456937,-46.7436127
-23.5459684,-46.7437353
-23.5460847,-46.7452452
-23.5467415,-46.7444911
-23.5434928,-46.7431051
-23.5419742,-46.7420774
-23.542054,-46.7418412
-23.542273,-46.7419012
-23.5410488,-46.7423028
-23.5410302,-46.7423847
-23.5413992,-46.7434772
-23.5412091,-46.743748
-23.5902699,-46.7223697
-23.5371165,-46.6187242
-23.5466076,-46.644871
-23.5540544,-46.6917543
-23.5663472,-46.6857124
-23.5824302,-46.6503523
-23.7335113,-46.7933051
-23.5351161,-46.6001429
-23.5011563,-46.7474516
-23.5842106,-46.751524
-23.4470592,-46.7050585
-23.4848802,-46.6333187
-23.553263,-46.6881237
-23.5332023,-46.6642327
-23.5289822,-46.5451503
-23.5811043,-46.7194557
-23.6400627,-46.7221401
-23.4805116,-46.6030976
-23.5217588,-46.6241362
-23.5688814,-46.6470365
-23.6309548,-46.7033121
-23.7268677,-46.6975777
-23.7365231,-46.6934412
-23.7374368,-46.695031
-23.7337188,-46.6885226
-23.68952,-46.7013074
-23.6879779,-46.7043336
-23.6785421,-46.6952301
-23.6734037,-46.7002499
-23.6824525,-46.6884604
-23.6803236,-46.683199
-23.549176,-46.6171467
-23.6780168,-46.6988346
-23.6794377,-46.6984722
-23.6789503,-46.6977077
-23.6783954,-46.6989422
-23.6792718,-46.697838
-23.5724799,-46.6957372
-23.5726065,-46.6959229
-23.5728846,-46.6954473
-23.572264,-46.6958323
-23.5728577,-46.6959093
-23.6106001,-46.4849112
-23.6127609,-46.4920946
-23.5452571,-46.635463
-23.5447113,-46.6338078
-23.5487269,-46.6344815
-23.5392586,-46.6145577
-23.5390003,-46.6143541
-23.5632811,-46.6919326
-23.5604927,-46.6901828
-23.559127,-46.6878437
-23.555499,-46.6572178
-23.5532173,-46.6880966
-23.5646907,-46.6809661
-23.5646822,-46.680838
-23.5646659,-46.6808902
-23.5644066,-46.6801578
-23.6714992,-46.7418353
-23.5987611,-46.6879014
-23.6024183,-46.6820145
-23.5910324,-46.689885
-23.5909813,-46.6895904
-23.4786502,-46.6099321
-23.4789138,-46.6099169
-23.4789124,-46.6102727
-23.4788203,-46.6101982
-23.4789305,-46.6098303
-23.6659564,-46.7800338
-23.5581329,-46.6368236
-23.503217,-46.4881701
-23.5903733,-46.7376531
-23.5128243,-46.6866512
-23.5129352,-46.6870741
-23.5133368,-46.6867455
-23.5130262,-46.6867264
-23.5129685,-46.6866578
-23.5117191,-46.6866155
-23.5193436,-46.6755333
-23.5603089,-46.6978842
-23.5588253,-46.6973285
-23.5608588,-46.6978836
-23.5605535,-46.6923047
-23.5199053,-46.6191324
-23.559414,-46.6649251
-23.5788091,-46.64247
-23.5566275,-46.6916903
-23.5991324,-46.6453895
-23.5975044,-46.6764434
-23.5775471,-46.4430031
-23.584803,-46.4423508
-23.5777819,-46.7239268
-23.5780886,-46.7249461
-23.5782137,-46.7254362
-23.5783844,-46.6409283
-23.581107,-46.6383398
-23.5664957,-46.6991526
-23.5229716,-46.7019731
-23.582715,-46.6794143
-23.4696756,-46.7477714
-23.5587318,-46.660519
-23.5587039,-46.6604761
-23.5587531,-46.6600934
-23.5592336,-46.6601184
-23.5061402,-46.4883889
-23.5061159,-46.4886317
-23.5588727,-46.6330364
-23.5152326,-46.6756897
-23.5634352,-46.6658992
-23.5354796,-46.6682751
-23.7106124,-46.6604591
-23.586583,-46.7193959
-23.5883755,-46.7174795
-23.5885556,-46.7164716
-23.5935789,-46.4453038
-23.5555018,-46.6861328
-23.6615198,-46.6634025
-23.6616276,-46.663268
-23.5890361,-46.7162061
-23.5893797,-46.7169591
-23.5390143,-46.6708453
-23.5886687,-46.6744065
-23.4977456,-46.4613377
-23.5409172,-46.5949734
-23.5008812,-46.6249136
-23.5383693,-46.601427
-23.49901,-46.6260063
-23.5883577,-46.7162584
-23.5463617,-46.6389267
-23.523951,-46.665361
-23.522598,-46.6410418
-23.574432,-46.6323723
-23.5711615,-46.6313537
-23.5729134,-46.6324448
-23.574388,-46.6321349
-23.5878624,-46.723277
-23.4841796,-46.7554673
-23.5462647,-46.6351026
-23.5587478,-46.6682566
-23.5467932,-46.744678
-23.6737741,-46.6562055
-23.6735911,-46.6562853
-23.6734738,-46.6560674
-23.6737673,-46.6560453
-23.5249484,-46.6574733
-23.5251456,-46.657433
-23.5279614,-46.6420831
-23.5032457,-46.623521
-23.5291333,-46.6370573
-23.5262376,-46.6493946
-23.5011432,-46.6195149
-23.5260611,-46.6485306
-23.5256261,-46.6475619
-23.5250366,-46.6462818
-23.5240636,-46.6441986
-23.5267485,-46.6425532
-23.5268303,-46.6426844
-23.5082091,-46.6261103
-23.5037974,-46.6235515
-23.501953,-46.6239476
-23.5250776,-46.6463514
-23.5008685,-46.6234439
-23.5248519,-46.6435971
-23.6736741,-46.6651764
-23.6754742,-46.6628348
-23.6744943,-46.6627832
-23.6745216,-46.6626975
-23.6730071,-46.6656311
-23.6739863,-46.6649709
-23.674068,-46.6642749
-23.673573,-46.664871
-23.6731622,-46.6653977
-23.6736412,-46.6647533
-23.673971,-46.6638909
-23.6728499,-46.6660998
-23.6740533,-46.6636033
-23.6745705,-46.6624935
-23.675485,-46.6631761
-23.6536062,-46.6573289
-23.5023565,-46.6244787
-23.5383182,-46.575445
-23.5380252,-46.5754316
-23.5002463,-46.6262967
-23.5002447,-46.6264567
-23.5004201,-46.6268095
-23.5025574,-46.6279923
-23.5002115,-46.6271625
-23.5002817,-46.6308691
-23.5027643,-46.6271791
-23.5062177,-46.6236132
-23.5145873,-46.6193434
-23.5000993,-46.6315053
-23.5000878,-46.6316972
-23.5021089,-46.6299961
-23.5021625,-46.6291804
-23.5040152,-46.6250539
-23.502906,-46.619914
-23.5022679,-46.6304921
-23.5024924,-46.6305296
-23.5031021,-46.6258287
-23.5020787,-46.6299063
-23.502363,-46.6289897
-23.5030413,-46.6247815
-23.5053196,-46.6262025
-23.5607541,-46.634949
-23.5005917,-46.6138753
-23.5010514,-46.6234661
-23.4998593,-46.6213006
-23.5789502,-46.7102395
-23.4999647,-46.6177772
-23.5461326,-46.6486105
-23.5538767,-46.689061
-23.5576682,-46.6547449
-23.5600158,-46.6333489
-23.5589615,-46.6340153
-23.5096863,-46.6261155
-23.5603762,-46.6383998
-23.5609325,-46.6346337
-23.5596104,-46.6333809
-23.5624432,-46.6452012
-23.5624322,-46.6449094
-23.5606331,-46.6380929
-23.5610205,-46.6347779
-23.5592567,-46.6336351
-23.5619702,-46.6428068
-23.5606051,-46.6339154
-23.5060304,-46.626383
-23.5607214,-46.6340789
-23.5601207,-46.6332207
-23.4941791,-46.6970805
-23.4980551,-46.6973276
-23.5454928,-46.6490655
-23.5454651,-46.6491344
-23.5618771,-46.6964626
-23.566909,-46.6457389
-23.5402507,-46.6496538
-23.5478446,-46.6364854
-23.5477748,-46.636612
-23.5317669,-46.6447281
-23.5381935,-46.6473981
-23.5519592,-46.6452595
-23.55176,-46.6456539
-23.5530719,-46.6470591
-23.5320408,-46.6451671
-23.5330867,-46.6468106
-23.557675,-46.6455951
-23.5501385,-46.6463796
-23.5899782,-46.6108146
-23.569159,-46.6466437
-23.5325593,-46.6879169
-23.5221208,-46.629265
-23.5676305,-46.7003942
-23.5707903,-46.6583925
-23.5688639,-46.6918469
-23.5716936,-46.6901065
-23.5036805,-46.6581867
-23.5001962,-46.6489536
-23.5002301,-46.6376279
-23.5036806,-46.6562013
-23.5001688,-46.6347811
-23.5676667,-46.6952598
-23.5674535,-46.6938273
-23.5672859,-46.6938905
-23.5604942,-46.6980584
-23.5003138,-46.6346158
-23.5674726,-46.6869474
-23.5473939,-46.6920424
-23.555696,-46.6328919
-23.6634494,-46.682087
-23.6212585,-46.5936199
-23.5565804,-46.686544
-23.556685,-46.6862712
-23.5566548,-46.6863308
-23.556509,-46.686036
-23.5564648,-46.6870019
-23.5564235,-46.6870214
-23.5567058,-46.6877564
-23.5402152,-46.4697094
-23.5574164,-46.6861606
-23.5337795,-46.4234402
-23.5338158,-46.4233901
-23.5605866,-46.6907046
-23.5555356,-46.6876269
-23.5218945,-46.6654555
-23.5953858,-46.6881279
-23.5951312,-46.6888128
-23.595188,-46.6886623
-23.5950228,-46.6888347
-23.5945563,-46.6873179
-23.5940876,-46.686932
-23.594727,-46.687983
-23.5947527,-46.6904632
-23.5225666,-46.6961173
-23.5230405,-46.6932549
-23.523931,-46.6856808
-23.5516909,-46.6300292
-23.5632446,-46.6344978
-23.5638277,-46.6346464
-23.5643846,-46.6354163
-23.5654386,-46.6363295
-23.5739547,-46.642012
-23.5677788,-46.6380654
-23.5733033,-46.6400503
-23.5445457,-46.6602103
-23.5081973,-46.6125365
-23.5606933,-46.6921736
-23.5536486,-46.6905891
-23.5512928,-46.6909014
-23.5082896,-46.6655605
-23.5317943,-46.6876918
-23.5536414,-46.6407236
-23.4979982,-46.6111937
-23.486911,-46.6063236
-23.4843851,-46.6036667
-23.4856975,-46.6043286
-23.56186,-46.6554609
-23.4787709,-46.6098954
-23.4803335,-46.6029455
-23.4805145,-46.6029045
-23.4790975,-46.6021325
-23.5035735,-46.6250392
-23.5312315,-46.6886209
-23.5302941,-46.6890544
-23.5160377,-46.625826
-23.5145305,-46.6199332
-23.5151946,-46.6185698
-23.5513039,-46.5648272
-23.5513719,-46.5651098
-23.5513246,-46.5651093
-23.5517729,-46.5649752
-23.5516586,-46.5650158
-23.5514305,-46.5650766
-23.551904,-46.5649387
-23.5519519,-46.5649301
-23.5520052,-46.5649193
-23.6281558,-46.6677284
-23.5555242,-46.6933302
-23.5314878,-46.6885645
-23.5464105,-46.6440749
-23.5482611,-46.4832109
-23.5482504,-46.4829895
-23.5162796,-46.6171991
-23.5523387,-46.4841494
-23.5717165,-46.7253923
-23.5836641,-46.6978761
-23.5734812,-46.6447325
-23.5739882,-46.6446666
-23.5632116,-46.638787
-23.5134416,-46.6866507
-23.5130198,-46.686715
-23.5315621,-46.6170882
-23.5633279,-46.6197984
-23.5646967,-46.6245999
-23.5317015,-46.6169014
-23.5618491,-46.6169343
-23.5632117,-46.6173876
-23.5678234,-46.6260937
-23.5687738,-46.6269021
-23.5621904,-46.6170926
-23.5629648,-46.617481
-23.563012,-46.6172932
-23.5641592,-46.6178421
-23.5692379,-46.6269301
-23.5636378,-46.6190181
-23.5633275,-46.6196612
-23.5712495,-46.6281013
-23.5632986,-46.6198682
-23.5694874,-46.6270874
-23.5705317,-46.627891
-23.5951789,-46.6864825
-23.5019353,-46.6242871
-23.5019194,-46.6244572
-23.5019276,-46.624089
-23.5565601,-46.6577783
-23.5662779,-46.6635639
-23.538559,-46.6536535
-23.5300159,-46.6552789
-23.5351146,-46.6368224
-23.5351269,-46.6367741
-23.5572826,-46.6356939
-23.7276177,-46.6755324
-23.7276166,-46.6757032
-23.5577032,-46.64608
-23.559852,-46.6464151
-23.5085752,-46.6061316
-23.5186868,-46.5986121
-23.5220883,-46.5988897
-23.5214526,-46.5994991
-23.5184509,-46.6133743
-23.5167449,-46.6137842
-23.5067221,-46.6246223
-23.5117478,-46.6241027
-23.5095724,-46.6246904
-23.6103827,-46.6545434
-23.6265388,-46.6457362
-23.6266491,-46.6463175
-23.5666581,-46.6981366
-23.5082186,-46.6124399
-23.6222003,-46.6440953
-23.626943,-46.6461885
-23.621239,-46.6497384
-23.5712156,-46.7196974
-23.5412862,-46.6402325
-23.5402033,-46.6390802
-23.5351405,-46.6367889
-23.5413176,-46.6402646
-23.5378079,-46.6368996
-23.5385784,-46.6379144
-23.5110351,-46.6527472
-23.5663195,-46.6982817
-23.5199966,-46.6104584
-23.5195681,-46.59803
-23.5183017,-46.5988675
-23.5140252,-46.6085156
-23.5464539,-46.6335791
-23.5446978,-46.6332844
-23.5449223,-46.633879
-23.5463354,-46.6338903
-23.6648265,-46.6793846
-23.6648234,-46.6792738
-23.736042,-46.7026922
-23.736042,-46.7026922
-23.555908,-46.6577286
-23.5291767,-46.6543179
-23.6242689,-46.6628288
-23.6660309,-46.7707745
-23.5307568,-46.5699258
-23.5487664,-46.5376664
-23.5524089,-46.5444293
-23.5454252,-46.6335126
-23.5463354,-46.6349387
-23.5462972,-46.6354216
-23.5462828,-46.6354503
-23.5463251,-46.6353441
-23.5462838,-46.6344289
-23.5840521,-46.4063576
-23.5653301,-46.4480793
-23.5358312,-46.5620786
-23.5311508,-46.729284
-23.6043235,-46.6314385
-23.5223696,-46.702855
-23.6612983,-46.780478
-23.6616046,-46.7801999
-23.6658954,-46.783379
-23.6666358,-46.7835699
-23.6644091,-46.7911957
-23.7281546,-46.7140586
-23.5630673,-46.5430646
-23.5440038,-46.6274221
-23.6113852,-46.4741181
-23.5688363,-46.7151351
-23.5183859,-46.7267305
-23.5467205,-46.5636345
-23.5269393,-46.6714204
-23.5444795,-46.5689397
-23.5512168,-46.5598593
-23.6181,-46.6269874
-23.6177854,-46.6257407
-23.5880969,-46.6204932
-23.5163063,-46.518777
-23.5571006,-46.7472702
-23.4853544,-46.7391192
-23.5059366,-46.7161321
-23.5173679,-46.618398
-23.6803344,-46.6831957
-23.6301475,-46.6909472
-23.6275855,-46.7170232
-23.6276438,-46.7175095
-23.6101951,-46.5086686
-23.6258624,-46.6864775
-23.6446958,-46.6739872
-23.5878833,-46.6761799
-23.62856,-46.6673624
-23.6386882,-46.6959849
-23.5602411,-46.5600635
-23.6022237,-46.6503462
-23.6394449,-46.697085
-23.640154,-46.6975851
-23.6383734,-46.6974957
-23.6387017,-46.6975712
-23.6388251,-46.6976603
-23.6360826,-46.6959055
-23.6361657,-46.6953706
-23.6366332,-46.6962547
-23.6370012,-46.6953935
-23.6387746,-46.6251506
-23.5562811,-46.6916408
-23.4834488,-46.6871812
-23.4948607,-46.7011652
-23.6945086,-46.700685
-23.4859925,-46.7554951
-23.5853396,-46.7788287
-23.5809726,-46.7309345
-23.5807385,-46.7302849
-23.5052433,-46.6267379
-23.501801,-46.4697605
-23.5133052,-46.6550025
-23.5598279,-46.7211485
-23.5633979,-46.725622
-23.5606556,-46.7356137
-23.5581696,-46.7263055
-23.5589756,-46.7397132
-23.520048,-46.3985622
-23.4934201,-46.4210717
-23.493472,-46.4216056
-23.5750271,-46.7227009
-23.6179426,-46.6091363
-23.618645,-46.6097577
-23.5391922,-46.4397841
-23.4620618,-46.6023467
-23.4670031,-46.5814349
-23.589846,-46.6189966
-23.5571911,-46.7287955
-23.6391671,-46.744777
-23.6223556,-46.6853159
-23.5222165,-46.5991141
-23.5879478,-46.7277483
-23.581083,-46.7313647
-23.5935614,-46.6360477
-23.5249253,-46.6831961
-23.5628908,-46.7345935
-23.4720541,-46.6501606
-23.6014831,-46.6205664
-23.5950037,-46.601207
-23.5981553,-46.6502617
-23.5828184,-46.6379102
-23.6205711,-46.6198623
-23.619014,-46.6185189
-23.6166596,-46.617535
-23.6223765,-46.6207188
-23.5217731,-46.6577609
-23.6141607,-46.6276708
-23.5827471,-46.592155
-23.5817651,-46.7603253
-23.5801981,-46.746122
-23.553863,-46.6011081
-23.4848626,-46.6385549
-23.6871818,-46.7085907
-23.5349887,-46.687329
-23.5838114,-46.6726017
-23.4941872,-46.4128749
-23.5984459,-46.679198
-23.5833436,-46.4097453
-23.5554659,-46.6072758
-23.5598131,-46.447156
-23.5124151,-46.6748451
-23.5818919,-46.5635628
-23.5129788,-46.672431
-23.4367872,-46.7194838
-23.4415921,-46.7220818
-23.4453562,-46.7568162
-23.5331847,-46.7265031
-23.5639471,-46.6866957
-23.5589035,-46.6571984
-23.4858361,-46.6928745
-23.491262,-46.717293
-23.5911081,-46.5804598
-23.5832726,-46.572125
-23.5771417,-46.6056557
-23.6064089,-46.7250062
-23.6115802,-46.7014083
-23.5337548,-46.4009301
-23.5467773,-46.4083196
-23.5094598,-46.6944115
-23.6851567,-46.7506585
-23.6684362,-46.736344
-23.642007,-46.7345192
-23.6588973,-46.7741951
-23.6857063,-46.6917693
-23.666095,-46.7135436
-23.6594713,-46.6960677
-23.6649103,-46.692813
-23.7486721,-46.7098342
-23.7673948,-46.7188552
-23.7262324,-46.7008175
-23.5067119,-46.6003423
-23.5255076,-46.6015314
-23.5140191,-46.606504
-23.5799967,-46.6403617
-23.5753226,-46.6392911
-23.6470339,-46.6697122
-23.6018015,-46.6623121
-23.6497536,-46.6214483
-23.5704111,-46.7613
-23.538661,-46.4070639
-23.5268388,-46.396355
-23.4756359,-46.5718346
-23.5305423,-46.4532746
-23.4942103,-46.5250548
-23.4940057,-46.5251838
-23.4938011,-46.5250491
-23.6474832,-46.6397373
-23.5726212,-46.7242014
-23.4827651,-46.6460448
-23.5830018,-46.6423927
-23.5702813,-46.7103859
-23.6022923,-46.6396001
-23.5861971,-46.6433006
-23.6028587,-46.6146248
-23.5959719,-46.6006627
-23.596021,-46.6010247
-23.5972883,-46.6671282
-23.5947527,-46.6420121
-23.584796,-46.6419674
-23.6174077,-46.6014492
-23.6208152,-46.6023896
-23.4766071,-46.6450416
-23.569659,-46.7147403
-23.5315711,-46.6746592
-23.5531942,-46.7565772
-23.4810402,-46.6400168
-23.4861097,-46.6409068
-23.4843566,-46.6418035
-23.6500628,-46.618059
-23.6500998,-46.6184812
-23.6495826,-46.6214679
-23.6505097,-46.6205499
-23.6521752,-46.6177347
-23.6481011,-46.6208987
-23.4828123,-46.6459742
-23.6576755,-46.6364747
-23.486353,-46.6050421
-23.6109317,-46.6955654
-23.5871618,-46.677211
-23.3961382,-46.7674887
-23.6465585,-46.7288337
-23.6749499,-46.7546362
-23.6724004,-46.7879964
-23.5563643,-46.6751794
-23.5567395,-46.6758734
-23.6829301,-46.769099
-23.684905,-46.7705777
-23.5813412,-46.7644188
-23.581992,-46.7639925
-23.5889339,-46.7721423
-23.5894892,-46.7686086
-23.5352429,-46.6825325
-23.5412027,-46.6292957
-23.5416991,-46.6291921
-23.5415689,-46.6290439
-23.5419871,-46.6293695
-23.5418692,-46.6293178
-23.5420617,-46.6294918
-23.5417561,-46.6292682
-23.542195,-46.629146
-23.5419286,-46.629344
-23.5413548,-46.6289486
-23.5414923,-46.6292415
-23.541691,-46.6292392
-23.5416247,-46.6292101
-23.6609357,-46.7536264
-23.5085532,-46.6236059
-23.5245236,-46.6024204
-23.4595842,-46.623482
-23.5517792,-46.4945166
-23.5542052,-46.492873
-23.658556,-46.7362639
-23.7675964,-46.683187
-23.4876308,-46.5931774
-23.6796337,-46.7648968
-23.5989093,-46.6099636
-23.5446055,-46.6457216
-23.5893411,-46.6207258
-23.6341043,-46.7011612
-23.5144696,-46.5891149
-23.562848,-46.6761787
-23.5595099,-46.5010547
-23.5256031,-46.4446207
-23.532437,-46.689533
-23.5241659,-46.607047
-23.5219345,-46.6082301
-23.5219632,-46.6086289
-23.5920652,-46.6200674
-23.5982887,-46.6396889
-23.5495022,-46.7380878
-23.6691429,-46.6359065
-23.5345035,-46.7335013
-23.6136954,-46.6579436
-23.4674224,-46.5837968
-23.6551953,-46.6916429
-23.6558697,-46.6942929
-23.6560596,-46.6945721
-23.5624998,-46.5107996
-23.5848188,-46.6176261
-23.500263,-46.6250048
-23.5423351,-46.6600606
-23.5829455,-46.6705017
-23.5376294,-46.5605401
-23.5999776,-46.6943729
-23.5445841,-46.6612913
-23.5664795,-46.7433944
-23.5145431,-46.6994288
-23.5421891,-46.6563235
-23.5396072,-46.6612778
-23.6088071,-46.7435109
-23.6124106,-46.7411275
-23.655885,-46.6142535
-23.5534773,-46.7076241
-23.5525465,-46.7087164
-23.5936644,-46.7423538
-23.5104008,-46.7279164
-23.5092288,-46.732545
-23.506912,-46.7099987
-23.5224943,-46.521243
-23.4709177,-46.6496056
-23.6700362,-46.6884293
-23.5698847,-46.6225993
-23.6011405,-46.681578
-23.5649481,-46.7414754
-23.6356944,-46.6581926
-23.5621184,-46.736869
-23.5726372,-46.4471039
-23.574993,-46.728497
-23.5741387,-46.7276138
-23.5735608,-46.7333555
-23.5734252,-46.7325759
-23.5714145,-46.7074957
-23.5718353,-46.7059802
-23.5711652,-46.7080675
-23.5707407,-46.7092728
-23.5729695,-46.7206529
-23.572958,-46.7204919
-23.571263,-46.7040997
-23.570274,-46.7277829
-23.5701339,-46.7284504
-23.5724699,-46.7277791
-23.5604485,-46.6580807
-23.488162,-46.6216915
-23.5687098,-46.7456625
-23.5690932,-46.7453108
-23.5646593,-46.7474229
-23.5676812,-46.7430997
-23.5679942,-46.7429559
-23.56114,-46.7472157
-23.577433,-46.7313725
-23.5807855,-46.7317078
-23.58003,-46.7302944
-23.5775846,-46.7309905
-23.5739742,-46.7380384
-23.5652769,-46.6542283
-23.556894,-46.6641201
-23.5742898,-46.7301057
-23.5472276,-46.7259404
-23.5633578,-46.6634838
-23.5674173,-46.6677497
-23.565681,-46.6658061
-23.5642983,-46.665646
-23.5614126,-46.668289
-23.5677468,-46.6613293
-23.5692704,-46.6644175
-23.566368,-46.6642477
-23.5676079,-46.6641718
-23.5721595,-46.6551103
-23.5702461,-46.6576889
-23.571906,-46.6587956
-23.5704286,-46.6549176
-23.5722026,-46.6551452
-23.5734838,-46.6560481
-23.5747281,-46.7417916
-23.5727722,-46.7431697
-23.5831169,-46.6688927
-23.554533,-46.6735143
-23.5623972,-46.7319569
-23.552827,-46.6588485
-23.5493665,-46.6538089
-23.5429022,-46.6515874
-23.54186,-46.6496458
-23.541887,-46.6486953
-23.5433522,-46.6542549
-23.5495238,-46.657605
-23.5491605,-46.6579195
-23.5468968,-46.6536758
-23.5493613,-46.6579639
-23.6861002,-46.7915043
-23.5426016,-46.6597949
-23.5408634,-46.6420047
-23.5407624,-46.641813
-23.5422641,-46.6409665
-23.5432985,-46.6469314
-23.5437429,-46.6456546
-23.5389162,-46.6401927
-23.5380708,-46.6367138
-23.5539362,-46.6407018
-23.5551106,-46.6404507
-23.5536603,-46.6396009
-23.5317102,-46.6503775
-23.5340134,-46.6532419
-23.5329961,-46.6504882
-23.5314907,-46.6564776
-23.5332307,-46.653672
-23.5313471,-46.66064
-23.5310782,-46.6547728
-23.5340662,-46.6544784
-23.5330718,-46.6564446
-23.5357032,-46.6587782
-23.5367638,-46.654567
-23.5394569,-46.6577769
-23.5354579,-46.6589984
-23.5357838,-46.6624654
-23.5355444,-46.6561579
-23.5360168,-46.660871
-23.5414354,-46.6543326
-23.5395248,-46.6540921
-23.5390222,-46.6548461
-23.5393019,-46.6544929
-23.6677058,-46.7377734
-23.6722378,-46.743116
-23.6753428,-46.7483464
-23.4973892,-46.586786
-23.5544518,-46.6543815
-23.5540486,-46.6534088
-23.5568665,-46.6526734
-23.5520787,-46.6489546
-23.5531982,-46.6512225
-23.5711113,-46.6414462
-23.5628563,-46.6410303
-23.5576125,-46.6461983
-23.5630484,-46.6502953
-23.5005842,-46.5645168
-23.5542622,-46.634591
-23.5557545,-46.6347399
-23.4812921,-46.602871
-23.5478618,-46.6356712
-23.5738963,-46.6501716
-23.5731273,-46.6501578
-23.5751311,-46.6435992
-23.5749123,-46.6421134
-23.5742719,-46.6423693
-23.5742693,-46.6503213
-23.5872963,-46.6433265
-23.587083,-46.6352641
-23.5898154,-46.6459316
-23.5801441,-46.6475776
-23.5806104,-46.6393467
-23.5776077,-46.6390231
-23.5874041,-46.6268161
-23.5866083,-46.6280898
-23.5824382,-46.6272186
-23.5744787,-46.6377985
-23.5808582,-46.6336829
-23.5752659,-46.6357021
-23.5933825,-46.6369883
-23.5951369,-46.6491971
-23.5988976,-46.6377994
-23.5967998,-46.6496899
-23.5987339,-46.638153
-23.5980179,-46.6397248
-23.5974857,-46.6429237
-23.5972162,-46.6274889
-23.5968229,-46.6347576
-23.5970679,-46.6347206
-23.6369576,-46.6410087
-23.5588416,-46.6341744
-23.5593189,-46.6379514
-23.5600517,-46.6354454
-23.5711451,-46.6350841
-23.5737258,-46.6329743
-23.5729159,-46.6348381
-23.5746537,-46.6351335
-23.5712924,-46.6327431
-23.5709829,-46.6334957
-23.5729325,-46.6321104
-23.5731641,-46.6313921
-23.570729,-46.6349688
-23.5658384,-46.6328379
-23.6002828,-46.6597912
-23.5556309,-46.6568157
-23.5560964,-46.6566701
-23.5460139,-46.6214201
-23.5816535,-46.4729856
-23.5819908,-46.4689283
-23.5462146,-46.6231785
-23.6032781,-46.6158602
-23.5389343,-46.6083452
-23.5780162,-46.6231674
-23.576785,-46.6238656
-23.5641557,-46.6224049
-23.5677576,-46.6134818
-23.5733927,-46.6147254
-23.5891757,-46.716205
-23.5884055,-46.7178289
-23.6176001,-46.634316
-23.6053059,-46.6353582
-23.6171479,-46.6365743
-23.6220467,-46.6381253
-23.6026902,-46.6348448
-23.6184527,-46.6375507
-23.6212546,-46.6402319
-23.6095621,-46.6372683
-23.6100378,-46.6367829
-23.6102017,-46.6316039
-23.6099042,-46.6371904
-23.609867,-46.6306355
-23.6207809,-46.6350894
-23.6028972,-46.6506639
-23.6055132,-46.6366463
-23.6144379,-46.6312424
-23.6175418,-46.6365101
-23.6131245,-46.6293577
-23.6038507,-46.6388192
-23.6119891,-46.6341799
-23.6125765,-46.6377248
-23.5997909,-46.6346693
-23.5998709,-46.6255847
-23.6214598,-46.6392929
-23.6038057,-46.6375267
-23.6167876,-46.635086
-23.6016725,-46.6400115
-23.6230408,-46.6385971
-23.6212841,-46.6346053
-23.6216378,-46.6375541
-23.6095848,-46.6382032
-23.6120076,-46.6342813
-23.6139519,-46.6330797
-23.6117203,-46.6320094
-23.6028852,-46.6468357
-23.620424,-46.6373536
-23.6047996,-46.6363427
-23.6148622,-46.6377044
-23.6016959,-46.6411311
-23.6262008,-46.6327499
-23.5863396,-46.721924
-23.6156629,-46.7040457
-23.615414,-46.7045628
-23.5637287,-46.6137358
-23.5313706,-46.4455938
-23.6548034,-46.6929667
-23.4966965,-46.7070267
-23.5054784,-46.705742
-23.5651016,-46.6821586
-23.5648639,-46.6815972
-23.559566,-46.6892218
-23.5596601,-46.6968157
-23.5621679,-46.6937266
-23.5659711,-46.6999888
-23.566884,-46.6980755
-23.5630692,-46.6982881
-23.5648769,-46.6803903
-23.5608476,-46.6935322
-23.5663833,-46.685258
-23.5676468,-46.6871105
-23.5554353,-46.6928604
-23.5539586,-46.6886034
-23.5612984,-46.6937609
-23.5645324,-46.6867335
-23.55276,-46.6890329
-23.5597606,-46.6837086
-23.5680526,-46.7002942
-23.5640196,-46.6856713
-23.5640851,-46.6856112
-23.555267,-46.6890954
-23.5609803,-46.6982348
-23.5648057,-46.6937943
-23.5649033,-46.6857892
-23.5658751,-46.7009321
-23.5527253,-46.6895265
-23.5662754,-46.684911
-23.551857,-46.6801845
-23.5540879,-46.6960904
-23.5632265,-46.6862132
-23.5566039,-46.6913135
-23.5525648,-46.6820223
-23.6536453,-46.6891282
-23.5077479,-46.5992406
-23.5217408,-46.6010757
-23.5293206,-46.6351842
-23.601238,-46.615409
-23.6252465,-46.628517
-23.5892069,-46.5435958
-23.7696758,-46.6489839
-23.545418,-46.6435745
-23.5456358,-46.6435968
-23.5885152,-46.6807103
-23.6634908,-46.6800715
-23.6576441,-46.6919702
-23.4978799,-46.6629674
-23.5763143,-46.5144966
-23.5140053,-46.5554246
-23.5268664,-46.6061704
-23.5296388,-46.6226844
-23.5289976,-46.6142254
-23.5275904,-46.6153192
-23.5295741,-46.6225815
-23.5302521,-46.6228765
-23.5304597,-46.6221936
-23.5303163,-46.616839
-23.5253897,-46.6134579
-23.532085,-46.6178949
-23.5292665,-46.6229469
-23.5301569,-46.618183
-23.5295084,-46.6208905
-23.5314645,-46.622212
-23.5294569,-46.6219482
-23.5281158,-46.6127623
-23.5326102,-46.6181591
-23.5257745,-46.6136614
-23.5292495,-46.6218907
-23.5278251,-46.6132034
-23.5288186,-46.6186731
-23.5244269,-46.6080934
-23.5368702,-46.5938204
-23.5497091,-46.5848608
-23.5464304,-46.5873635
-23.5389319,-46.603164
-23.5397621,-46.5962212
-23.5492778,-46.5849976
-23.5489458,-46.5853421
-23.5537871,-46.5836884
-23.5381912,-46.5891433
-23.5395065,-46.603803
-23.5402863,-46.5941173
-23.5528557,-46.5985371
-23.5544456,-46.5909131
-23.5759929,-46.5875672
-23.5524186,-46.5986434
-23.5767601,-46.5878663
-23.5504893,-46.604374
-23.5527307,-46.5991258
-23.5530814,-46.5989393
-23.5530112,-46.5990014
-23.5540704,-46.5838974
-23.5528374,-46.5990311
-23.5528919,-46.5989844
-23.5496339,-46.6046335
-23.5496123,-46.6049454
-23.5530939,-46.599308
-23.5475998,-46.6073049
-23.5673704,-46.4686645
-23.6267552,-46.5968527
-23.5816346,-46.6059919
-23.5879952,-46.6054309
-23.5855664,-46.6020615
-23.5888312,-46.6110584
-23.5779598,-46.6034772
-23.5911809,-46.6187335
-23.5767755,-46.6061249
-23.6078496,-46.613877
-23.6020524,-46.6120747
-23.6026089,-46.6128676
-23.5979842,-46.6059518
-23.597906,-46.6067731
-23.6057294,-46.6142644
-23.5957347,-46.6060657
-23.6101096,-46.5810764
-23.501405,-46.7480019
-23.4996364,-46.7466716
-23.5731285,-46.5635386
-23.5728615,-46.5622819
-23.5740131,-46.5567406
-23.5603515,-46.5772437
-23.568479,-46.5698393
-23.5565732,-46.5809079
-23.566276,-46.587742
-23.5553221,-46.5819434
-23.768778,-46.717982
-23.4949335,-46.4137305
-23.4940252,-46.414788
-23.6325596,-46.7589128
-23.6241281,-46.6201707
-23.5356896,-46.7141599
-23.6520059,-46.6686931
-23.4784537,-46.6824614
-23.516467,-46.6701835
-23.6866176,-46.7911075
-23.6292178,-46.644656
-23.6323697,-46.6914712
-23.6271919,-46.6059283
-23.623199,-46.6466192
-23.5664293,-46.5978245
-23.5575501,-46.7453005
-23.5570833,-46.7489659
-23.4888964,-46.6320568
-23.4932279,-46.6326203
-23.553151,-46.7499648
-23.5518341,-46.7422901
-23.5485197,-46.7469946
-23.6172436,-46.7320555
-23.5221867,-46.5557878
-23.5787415,-46.4813712
-23.5385677,-46.6798218
-23.5325727,-46.6811187
-23.5312439,-46.6803829
-23.5301569,-46.6790058
-23.5387383,-46.6693697
-23.5414699,-46.6713315
-23.5415913,-46.6713822
-23.5317697,-46.6789728
-23.5449968,-46.6821158
-23.5350134,-46.6668291
-23.5353347,-46.6653223
-23.5383046,-46.6919663
-23.5326155,-46.6896937
-23.541095,-46.6858877
-23.5350553,-46.6910695
-23.5383874,-46.6913964
-23.5388435,-46.6911577
-23.5482949,-46.7179628
-23.5389866,-46.719257
-23.5392792,-46.706309
-23.5428895,-46.7112337
-23.5355385,-46.7124994
-23.5411468,-46.7001428
-23.5215084,-46.7111826
-23.5247051,-46.6911662
-23.528041,-46.7027281
-23.5226456,-46.7002799
-23.5234271,-46.7043835
-23.5346926,-46.7129318
-23.5367297,-46.70649
-23.5190015,-46.6775444
-23.5105045,-46.6884556
-23.5225131,-46.6629694
-23.510784,-46.6873902
-23.5310793,-46.6709946
-23.5280356,-46.6713108
-23.5282747,-46.6757163
-23.5282361,-46.6710842
-23.5259607,-46.6816358
-23.5317814,-46.7320815
-23.5339217,-46.7286611
-23.5316493,-46.7248515
-23.5410241,-46.7311153
-23.523757,-46.7350562
-23.5245792,-46.736525
-23.5260727,-46.733088
-23.5291424,-46.7295497
-23.5281104,-46.7252361
-23.5317857,-46.7299285
-23.6022859,-46.6705761
-23.6018387,-46.6691476
-23.6006202,-46.6724269
-23.6033451,-46.6701357
-23.6027335,-46.6710664
-23.6020232,-46.6723274
-23.6092357,-46.6698579
-23.6064803,-46.6738824
-23.6083571,-46.6709919
-23.6016366,-46.6689387
-23.6087509,-46.6704412
-23.6126467,-46.6689146
-23.6061977,-46.6724704
-23.6047147,-46.6699493
-23.6048884,-46.6701172
-23.6072306,-46.6678077
-23.6069839,-46.6680003
-23.6076253,-46.6717458
-23.6068684,-46.6681277
-23.6051989,-46.6703598
-23.6051573,-46.670318
-23.6052416,-46.6701375
-23.6073575,-46.6708766
-23.6081587,-46.6682291
-23.6083668,-46.6707646
-23.6062841,-46.6723393
-23.6066873,-46.6717845
-23.6061923,-46.6717636
-23.606072,-46.6711825
-23.6056151,-46.6691089
-23.6060504,-46.672123
-23.6057531,-46.6724186
-23.6083673,-46.6700608
-23.6042339,-46.6699702
-23.6081721,-46.6699268
-23.6037548,-46.6721011
-23.5985192,-46.6631408
-23.6150497,-46.6674689
-23.5952806,-46.6685907
-23.5957692,-46.6679689
-23.5967273,-46.6713606
-23.6017267,-46.6670691
-23.5960083,-46.6680263
-23.6001754,-46.6690308
-23.5743701,-46.6508965
-23.5731981,-46.652675
-23.5762779,-46.6572281
-23.6524025,-46.6582199
-23.5328449,-46.5361219
-23.4813344,-46.6733578
-23.478635,-46.6727607
-23.4795773,-46.6730677
-23.5313377,-46.6690131
-23.5130609,-46.7088519
-23.4810761,-46.6562435
-23.5344347,-46.6342868
-23.5587436,-46.6358709
-23.6463994,-46.7012279
-23.6433696,-46.7018783
-23.6460129,-46.7011412
-23.6461883,-46.7011542
-23.6473842,-46.7019473
-23.5383222,-46.6446926
-23.5129888,-46.5405042
-23.5152647,-46.5449508
-23.5172508,-46.5445105
-23.517079,-46.544814
-23.6254369,-46.7407252
-23.4508029,-46.5979825
-23.6483243,-46.7043802
-23.6230555,-46.6197508
-23.616457,-46.7396567
-23.6165732,-46.740542
-23.6444043,-46.700009
-23.6443431,-46.6999613
-23.6444322,-46.6998989
-23.5830843,-46.4157367
-23.5585606,-46.4185406
-23.56325,-46.5420388
-23.5916425,-46.5806371
-23.5882417,-46.5840019
-23.5838208,-46.5275708
-23.6179676,-46.6054857
-23.6027746,-46.6150632
-23.6044794,-46.6147045
-23.5785599,-46.5892964
-23.6658098,-46.7607016
-23.6169298,-46.602047
-23.6233035,-46.6028467
-23.5986904,-46.5173415
-23.5851774,-46.5814163
-23.5854987,-46.6112362
-23.5688068,-46.6495151
-23.5615235,-46.6706117
-23.7734243,-46.7186588
-23.5644694,-46.6651011
-23.6035716,-46.6794335
-23.6803894,-46.687827
-23.6815772,-46.6893163
-23.6792854,-46.6867477
-23.5412374,-46.655981
-23.6802186,-46.6864594
-23.6820249,-46.6899198
-23.6823079,-46.6904214
-23.6490411,-46.703169
-23.5075533,-46.5993353
-23.6133911,-46.500925
-23.6396721,-46.6378413
-23.6399288,-46.6380539
-23.8196617,-46.704201
-23.8214964,-46.7043683
-23.8196418,-46.7034502
-23.4087511,-46.5803274
-23.4761364,-46.6660007
-23.4759686,-46.6634089
-23.4759266,-46.6635411
-23.4760794,-46.6630659
-23.4762791,-46.6629595
-23.4763744,-46.6629577
-23.681801,-46.636516
-23.5147913,-46.6320265
-23.4940967,-46.6470525
-23.5029406,-46.6265552
-23.5040283,-46.6391366
-23.5072482,-46.6252135
-23.5083991,-46.6268154
-23.5042392,-46.6261168
-23.5050836,-46.6261655
-23.5019691,-46.6370244
-23.5129093,-46.6260336
-23.5029955,-46.6326327
-23.5065733,-46.6253296
-23.4965689,-46.6280894
-23.4938992,-46.6321071
-23.4927379,-46.6294737
-23.4873668,-46.6269075
-23.4876247,-46.630987
-23.4870621,-46.642583
-23.4898492,-46.6354671
-23.4897724,-46.6355736
-23.4916172,-46.6306603
-23.4881315,-46.6328732
-23.4914122,-46.6368143
-23.4909842,-46.6373775
-23.487202,-46.6211694
-23.487132,-46.6210824
-23.4812569,-46.6179394
-23.4874345,-46.620822
-23.4877736,-46.6212462
-23.4868697,-46.6233735
-23.4866551,-46.6149977
-23.4869742,-46.6140902
-23.4909133,-46.6190489
-23.4904442,-46.635537
-23.4828989,-46.6353965
-23.4756625,-46.6499979
-23.4798363,-46.6483361
-23.4803268,-46.6480797
-23.4785629,-46.6329623
-23.4739383,-46.6302665
-23.4794585,-46.6273519
-23.482275,-46.6317205
-23.4820287,-46.6310025
-23.7994213,-46.7312681
-23.8229069,-46.7040662
-23.8218035,-46.7033687
-23.822769,-46.7039024
-23.8004943,-46.7286208
-23.7566403,-46.7073396
-23.7399584,-46.6855522
-23.7134692,-46.705007
-23.7255662,-46.7128009
-23.7300522,-46.7024611
-23.7273531,-46.7037974
-23.7325706,-46.6969771
-23.7327712,-46.6965
-23.7302005,-46.6979727
-23.7216096,-46.6711648
-23.7063522,-46.687691
-23.6273792,-46.6919105
-23.6022253,-46.6362355
-23.606958,-46.6266351
-23.6946817,-46.7943887
-23.6983897,-46.7603261
-23.6983548,-46.7624902
-23.6982369,-46.7622747
-23.6981864,-46.761099
-23.6987091,-46.7629896
-23.6819385,-46.7608017
-23.6768219,-46.7754396
-23.6826155,-46.7763499
-23.6215128,-46.7555433
-23.6389158,-46.747292
-23.6261677,-46.7647103
-23.6534609,-46.7588747
-23.6700089,-46.7645945
-23.6660375,-46.7707903
-23.6531991,-46.7586574
-23.6716033,-46.7941152
-23.6733194,-46.793479
-23.6647008,-46.7906593
-23.6644213,-46.7911876
-23.6652957,-46.7898311
-23.6067141,-46.6378064
-23.6741484,-46.7435201
-23.6534873,-46.736618
-23.6693893,-46.7379419
-23.6708746,-46.7491882
-23.6732796,-46.7456356
-23.6745965,-46.7481123
-23.6465034,-46.753377
-23.670296,-46.7376901
-23.6805878,-46.7419273
-23.6720977,-46.7414936
-23.6722079,-46.7358749
-23.674456,-46.7469257
-23.670631,-46.7376269
-23.6719287,-46.7359303
-23.6796199,-46.7469921
-23.6701756,-46.7371498
-23.6702458,-46.7372122
-23.6804373,-46.7468356
-23.6745471,-46.7394738
-23.6805704,-46.7420791
-23.6803504,-46.7468549
-23.6761045,-46.7384249
-23.6799865,-46.7471648
-23.6786462,-46.7428006
-23.6841562,-46.74615
-23.6841022,-46.7458024
-23.6812734,-46.7429077
-23.6873201,-46.7486689
-23.6823517,-46.7473193
-23.6825935,-46.7471594
-23.6803685,-46.744632
-23.6852551,-46.7434
-23.6809828,-46.7421338
-23.6825978,-46.7454315
-23.6830304,-46.7453355
-23.6433629,-46.699714
-23.4980322,-46.5955635
-23.49518,-46.5977551
-23.4867085,-46.5815793
-23.4904317,-46.5859344
-23.4927403,-46.5849796
-23.4904928,-46.5860234
-23.4952249,-46.5868716
-23.4912061,-46.5881849
-23.4892613,-46.584235
-23.4893982,-46.581535
-23.4793922,-46.5847117
-23.4935723,-46.5830193
-23.497828,-46.5739365
-23.4792423,-46.5837439
-23.489096,-46.5705661
-23.4768854,-46.5741036
-23.479628,-46.5715076
-23.4804665,-46.5809129
-23.4836118,-46.5723119
-23.4098608,-46.7517285
-23.4092911,-46.7513792
-23.4462891,-46.7167543
-23.4433226,-46.7170189
-23.4418996,-46.7592805
-23.4337554,-46.7268452
-23.4453229,-46.7568832
-23.4475137,-46.7435394
-23.4854684,-46.3807559
-23.4877288,-46.408326
-23.5342513,-46.4002115
-23.5204718,-46.4194618
-23.5453391,-46.4056598
-23.5920553,-46.4068039
-23.591389,-46.407101
-23.537722,-46.4275537
-23.5326822,-46.453483
-23.5348054,-46.4562403
-23.5508849,-46.4612997
-23.6135756,-46.4707615
-23.5982427,-46.4863861
-23.5993548,-46.4849528
-23.5997827,-46.485293
-23.5930131,-46.4890015
-23.5937045,-46.488062
-23.59073,-46.4891136
-23.6016,-46.4835801
-23.6034327,-46.4821012
-23.6072694,-46.4807846
-23.606819,-46.4808358
-23.6109447,-46.4764685
-23.6102386,-46.4807289
-23.610183,-46.4807295
-23.5834835,-46.495783
-23.5834696,-46.4957368
-23.5820314,-46.4971314
-23.5819756,-46.4983443
-23.598849,-46.5167419
-23.6139068,-46.5173223
-23.6125462,-46.4934155
-23.5610648,-46.466408
-23.5125239,-46.4330214
-23.5511322,-46.4888159
-23.5563139,-46.5605772
-23.5639818,-46.6832972
-23.5639935,-46.6838194
-23.623346,-46.7383366
-23.6247189,-46.7404947
-23.4494424,-46.6961732
-23.4874204,-46.6075142
-23.4882136,-46.6075209
-23.6243268,-46.4610535
-23.6506421,-46.7026813
-23.517982,-46.752133
-23.6209218,-46.7382731
-23.9068701,-46.7083447
-23.7633053,-46.7155364
-23.7636506,-46.7156017
-23.6469768,-46.7888478
-23.5307301,-46.5186609
-23.6411531,-46.6676612
-23.6416996,-46.6674272
-23.6418176,-46.6671427
-23.6573343,-46.6739266
-23.6475982,-46.755706
-23.4556799,-46.6019486
-23.4720905,-46.682629
-23.5727769,-46.5158481
-23.5741756,-46.5131781
-23.5738442,-46.5131621
-23.4967189,-46.5134872
-23.6286763,-46.5951766
-23.5525687,-46.5294186
-23.553525,-46.5308773
-23.4995221,-46.4678555
-23.5509757,-46.527182
-23.5510791,-46.5278803
-23.5369863,-46.4548743
-23.679755,-46.6402189
-23.6792848,-46.640788
-23.6615133,-46.66363
-23.6801696,-46.6397831
-23.6239947,-46.7011898
-23.4909374,-46.6594333
-23.5920574,-46.6752195
-23.592569,-46.6771915
-23.5935883,-46.6736226
-23.5934671,-46.6747977
-23.5958191,-46.6768186
-23.5374313,-46.6681857
-23.4793465,-46.5988479
-23.6247101,-46.7014144
-23.5661706,-46.6993641
-23.5684943,-46.6936881
-23.6754615,-46.7390291
-23.6749137,-46.7400613
-23.4835984,-46.6914009
-23.4835377,-46.691434
-23.484989,-46.6922335
-23.4839796,-46.6915939
-23.4848492,-46.6911808
-23.4848896,-46.6912803
-23.4843004,-46.690445
-23.4942156,-46.701501
-23.4966746,-46.6980066
-23.487659,-46.692986
-23.4901012,-46.6942148
-23.489657,-46.6941229
-23.4885367,-46.6938068
-23.4882985,-46.6936022
-23.4866151,-46.6927744
-23.4861736,-46.6921796
-23.4856351,-46.6921825
-23.4862818,-46.6922807
-23.4831108,-46.6920693
-23.4828598,-46.6918708
-23.4909328,-46.6943773
-23.4837322,-46.6917197
-23.483519,-46.6918017
-23.491384,-46.6951844
-23.4924602,-46.6960855
-23.4885705,-46.6934169
-23.4884183,-46.6932831
-23.4894959,-46.6939732
-23.4401862,-46.7218325
-23.6527696,-46.6455905
-23.6414679,-46.6447481
-23.5517239,-46.7571798
-23.5524116,-46.7569971
-23.6621511,-46.7807546
-23.6665428,-46.6578392
-23.5201215,-46.6131446
-23.5065653,-46.6057304
-23.5016045,-46.6150331
-23.5058638,-46.6048679
-23.509093,-46.6060196
-23.5184204,-46.6071943
-23.5063646,-46.6050196
-23.5055958,-46.6068271
-23.5134783,-46.6073149
-23.5069224,-46.6055593
-23.5052862,-46.5979278
-23.4974136,-46.6120863
-23.5053525,-46.5983317
-23.507991,-46.5973118
-23.4938373,-46.610239
-23.5073815,-46.5991897
-23.4944796,-46.5980869
-23.5167002,-46.6045575
-23.5227969,-46.600686
-23.5080208,-46.5981629
-23.5205254,-46.6067251
-23.514345,-46.6031739
-23.6006213,-46.6830703
-23.5921501,-46.5794025
-23.5910959,-46.5813555
-23.5796496,-46.5846552
-23.5798799,-46.5810072
-23.5879288,-46.5802401
-23.5836432,-46.5748871
-23.4958948,-46.5847829
-23.5067071,-46.5771757
-23.5004345,-46.5879786
-23.5026685,-46.5825593
-23.5103523,-46.5937079
-23.5185237,-46.5911136
-23.5212766,-46.5916504
-23.4983755,-46.5860383
-23.5169571,-46.5901837
-23.518341,-46.5909721
-23.5146435,-46.5876022
-23.5145399,-46.5875904
-23.5145733,-46.5877049
-23.5126142,-46.5906796
-23.5177497,-46.5889887
-23.5164498,-46.5886771
-23.515408,-46.587798
-23.5148209,-46.5865074
-23.5145263,-46.5882919
-23.5126421,-46.5857319
-23.5140214,-46.5889916
-23.5122473,-46.5889933
-23.5169342,-46.5877829
-23.5178107,-46.5853263
-23.5157825,-46.5864106
-23.5167566,-46.5872071
-23.5593183,-46.5202563
-23.6022765,-46.5310304
-23.5926931,-46.5465976
-23.5931652,-46.5444461
-23.5943552,-46.5468285
-23.5946953,-46.5474167
-23.5999532,-46.5509955
-23.529956,-46.5595593
-23.5340929,-46.5659354
-23.5354975,-46.5725766
-23.5299834,-46.5758566
-23.5312914,-46.557961
-23.5433301,-46.5590638
-23.5518989,-46.5646344
-23.5444892,-46.5594677
-23.5453525,-46.571477
-23.5407157,-46.5703081
-23.538442,-46.5772402
-23.5389848,-46.5727637
-23.5423975,-46.5702296
-23.5373028,-46.5783051
-23.5506256,-46.574479
-23.5442313,-46.5694507
-23.539716,-46.5706194
-23.5378431,-46.5730035
-23.5709944,-46.5036847
-23.5546815,-46.49244
-23.5560253,-46.4778266
-23.574097,-46.5565176
-23.5613307,-46.5324576
-23.5338951,-46.5272077
-23.5226713,-46.4970992
-23.5157274,-46.5279723
-23.5290451,-46.501527
-23.5226488,-46.5200843
-23.5227998,-46.5435356
-23.5221502,-46.5317992
-23.5142799,-46.4764969
-23.4949806,-46.4566642
-23.4866704,-46.4791012
-23.4997112,-46.4773166
-23.5009204,-46.4743539
-23.5008329,-46.4769351
-23.5070034,-46.4872158
-23.4881028,-46.5040123
-23.5148792,-46.5064116
-23.482734,-46.6121145
-23.4906698,-46.6101112
-23.4908821,-46.6101577
-23.4910279,-46.6101891
-23.4916908,-46.6103753
-23.4743623,-46.5897772
-23.4350304,-46.5926105
-23.438195,-46.5743971
-23.4700161,-46.5845226
-23.4842383,-46.5648274
-23.6191494,-46.6021466
-23.5345808,-46.6574648
-23.6306326,-46.6996082
-23.6291355,-46.7005983
-23.5887421,-46.7335377
-23.5948077,-46.6905894
-23.5914448,-46.6780746
-23.5917513,-46.6779897
-23.5939018,-46.6784741
-23.5906112,-46.6805934
-23.5814611,-46.4098517
-23.6471579,-46.6631968
-23.6763298,-46.7343863
-23.6680881,-46.7372533
-23.6794373,-46.7464591
-23.6797204,-46.7394204
-23.7220555,-46.7649578
-23.7276801,-46.7638446
-23.6439024,-46.6720088
-23.7017895,-46.7459537
-23.7017903,-46.7459143
-23.6404991,-46.6962659
-23.5443379,-46.5912607
-23.5879301,-46.7940653
-23.7867712,-46.7144651
-23.7448266,-46.7074286
-23.6208091,-46.6810879
-23.5317256,-46.7046887
-23.5398157,-46.472393
-23.6816448,-46.7448814
-23.4728079,-46.6837462
-23.469572,-46.6785065
-23.481636,-46.7163619
-23.5673975,-46.6235052
-23.6501248,-46.7038569
-23.8778484,-46.650006
-23.500856,-46.6044429
-23.4998016,-46.6101542
-23.5525921,-46.5987723
-23.552539,-46.598877
-23.5529334,-46.598482
-23.552997,-46.5984247
-23.553129,-46.5983162
-23.441697,-46.7593452
-23.5657589,-46.7000558
-23.5654137,-46.7000171
-23.5660585,-46.6966025
-23.5606547,-46.6927588
-23.5598189,-46.6926756
-23.6919472,-46.677228
-23.5035031,-46.5698528
-23.6487537,-46.5965544
-23.5460574,-46.54892
-23.4916543,-46.6762109
-23.5623349,-46.6594452
-23.5540232,-46.5811017
-23.4876661,-46.6227231
-23.5084255,-46.7513916
-23.4806591,-46.6388516
-23.4919091,-46.6115376
-23.4918021,-46.6271498
-23.4928304,-46.6264515
-23.6185649,-46.7412831
-23.6228307,-46.670365
-23.5227536,-46.443132
-23.4888636,-46.6100566
-23.4897238,-46.6106064
-23.4923878,-46.6016246
-23.6912134,-46.6704415
-23.6927402,-46.6730697
-23.693827,-46.6720542
-23.6928374,-46.6732553
-23.6953651,-46.6763223
-23.4835829,-46.6782707
-23.5019857,-46.6984898
-23.5014861,-46.6995654
-23.5012368,-46.699171
-23.4991314,-46.6986158
-23.5017248,-46.7012
-23.4998515,-46.6975127
-23.5001489,-46.7057585
-23.499161,-46.6988796
-23.4982616,-46.7000382
-23.5009379,-46.6941087
-23.5001214,-46.6977535
-23.5017677,-46.6982281
-23.501162,-46.6987668
-23.5011888,-46.6988714
-23.5012266,-46.6989562
-23.5021158,-46.6988489
-23.5020731,-46.6987508
-23.5021733,-46.6989389
-23.5022123,-46.6992277
-23.5025566,-46.6971761
-23.5028415,-46.6965942
-23.5018074,-46.6866171
-23.5014765,-46.6874861
-23.5000058,-46.7017378
-23.4924233,-46.6918093
-23.4969799,-46.6926049
-23.5898455,-46.7675036
-23.5775596,-46.4148442
-23.5002026,-46.6260246
-23.4523722,-46.6995069
-23.5001848,-46.618804
-23.5002468,-46.6204726
-23.6148961,-46.741962
-23.6147746,-46.7419188
-23.6250826,-46.6674119
-23.6249754,-46.6684233
-23.4825851,-46.6317178
-23.62085,-46.6736993
-23.4490927,-46.6963451
-23.479002,-46.6908028
-23.5486547,-46.7370578
-23.5525933,-46.7388018
-23.4936467,-46.610716
-23.6490567,-46.6697907
-23.5625108,-46.5616888
-23.5644396,-46.5629325
-23.5645635,-46.5606305
-23.5914591,-46.5808244
-23.6695782,-46.7369577
-23.5811889,-46.5611398
-23.5811337,-46.5849684
-23.5809462,-46.583556
-23.6434214,-46.7318939
-23.5904308,-46.5743339
-23.4673392,-46.6708172
-23.6389905,-46.7419481
-23.5194858,-46.5892895
-23.4915337,-46.6760541
-23.5374866,-46.5592341
-23.5375801,-46.5599665
-23.517135,-46.5843596
-23.5085842,-46.6002729
-23.48647,-46.6454837
-23.5528256,-46.6198675
-23.4837747,-46.5729764
-23.4878649,-46.5766165
-23.4912588,-46.6187221
-23.540304,-46.597234
-23.5519948,-46.5904606
-23.5513884,-46.5901037
-23.4854009,-46.633623
-23.4872666,-46.6203458
-23.5236383,-46.616987
-23.6851581,-46.7434058
-23.5247351,-46.6315089
-23.5521078,-46.6502845
-23.5551651,-46.6572362
-23.591217,-46.489097
-23.5929055,-46.4890391
-23.5931582,-46.4881398
-23.6002545,-46.485039
-23.5248419,-46.6975144
-23.5215298,-46.6999696
-23.5282239,-46.702668
-23.4763589,-46.6458995
-23.5279983,-46.7006022
-23.5902755,-46.7373075
-23.4946009,-46.6844166
-23.4895895,-46.6853821
-23.5007768,-46.6873202
-23.4805755,-46.6733251
-23.5541621,-46.6134778
-23.5402504,-46.6405006
-23.5330741,-46.6571484
-23.4762581,-46.5948671
-23.4738027,-46.589094
-23.5869426,-46.724613
-23.4947162,-46.6772167
-23.5053901,-46.6681677
-23.4920666,-46.6563759
-23.4895664,-46.6545824
-23.592786,-46.6203885
-23.5916895,-46.6200903
-23.4873451,-46.5686209
-23.4868814,-46.6333156
-23.4677685,-46.669402
-23.4692177,-46.6858409
-23.4692892,-46.685519
-23.4765608,-46.7395444
-23.4766244,-46.7395679
-23.4766851,-46.7395898
-23.5886769,-46.6737566
-23.5883359,-46.6743054
-23.5866416,-46.6751626
-23.7648913,-46.7169877
-23.5445342,-46.6503963
-23.5056558,-46.6637051
-23.4784308,-46.7069345
-23.4817163,-46.7080258
-23.4913897,-46.7093609
-23.5171798,-46.588546
-23.5175342,-46.5892933
-23.514868,-46.5877771
-23.5148022,-46.5878704
-23.5144659,-46.587859
-23.5143039,-46.5881074
-23.5068055,-46.5897236
-23.5164497,-46.5877878
-23.5160282,-46.5883794
-23.5035782,-46.6396934
-23.5036363,-46.639799
-23.503542,-46.6435257
-23.6714943,-46.7428429
-23.6715999,-46.743138
-23.6705338,-46.7405447
-23.6748407,-46.7432363
-23.6512242,-46.7082261
-23.6504463,-46.7074752
-23.6515182,-46.7033393
-23.6023933,-46.614315
-23.5011316,-46.6222596
-23.5032625,-46.6340405
-23.5838423,-46.6123592
-23.5899699,-46.6107041
-23.5064747,-46.6017483
-23.5068032,-46.6016235
-23.5014543,-46.6151
-23.5249866,-46.6526564
-23.528815,-46.6311692
-23.5290179,-46.631243
-23.4830652,-46.5672607
-23.5053111,-46.6054431
-23.4991296,-46.7465171
-23.499291,-46.7473682
-23.4738629,-46.7420056
-23.5163726,-46.7549548
-23.6165768,-46.6495218
-23.5814017,-46.615279
-23.5632033,-46.6200663
-23.5634944,-46.6199335
-23.5633752,-46.6201935
-23.5627613,-46.6205552
-23.5622904,-46.6218693
-23.5310368,-46.622996
-23.598657,-46.5171447
-23.5904553,-46.5319558
-23.5879106,-46.532465
-23.5886986,-46.5320727
-23.586916,-46.5164434
-23.5673861,-46.6215523
-23.5620226,-46.6425021
-23.5620103,-46.6437928
-23.5012669,-46.5898387
-23.5012645,-46.5897386
-23.5013462,-46.5896697
-23.5033296,-46.6720414
-23.498464,-46.674946
-23.4888537,-46.5842351
-23.492069,-46.5873299
-23.4816801,-46.5879011
-23.4824007,-46.5830016
-23.4929416,-46.5836089
-23.5482658,-46.5681544
-23.5467302,-46.5524925
-23.5371878,-46.557473
-23.5371653,-46.5573744
-23.5478399,-46.5550759
-23.5556548,-46.5542371
-23.5553241,-46.5542045
-23.5285208,-46.5605974
-23.540432,-46.5514824
-23.5408399,-46.5552246
-23.5218175,-46.7342414
-23.5325093,-46.7259629
-23.5325711,-46.726389
-23.5245269,-46.7331
-23.5225818,-46.7340172
-23.5339165,-46.7250745
-23.5312354,-46.7292925
-23.5267597,-46.7332098
-23.5292914,-46.7315835
-23.5056249,-46.7047333
-23.6752416,-46.7002141
-23.6612465,-46.689103
-23.5313294,-46.730882
-23.5314344,-46.7307723
-23.6009017,-46.6786891
-23.6723735,-46.6986905
-23.6613993,-46.6889238
-23.6675014,-46.6953222
-23.6723855,-46.6971638
-23.6723089,-46.6971849
-23.672171,-46.6971377
-23.6711687,-46.696758
-23.6710959,-46.6969103
-23.6709643,-46.6970361
-23.6708154,-46.6966788
-23.6707534,-46.6965993
-23.540684,-46.716902
-23.5355036,-46.7137309
-23.5389518,-46.7059918
-23.5593766,-46.570924
-23.6532512,-46.7359426
-23.5469146,-46.5658036
-23.5284551,-46.6984244
-23.5259506,-46.6907428
-23.5292361,-46.6844988
-23.5312975,-46.6860406
-23.5306918,-46.6847936
-23.5304794,-46.6849211
-23.5325781,-46.6882531
-23.5863577,-46.6805815
-23.5386264,-46.6615628
-23.5339649,-46.6820364
-23.5349437,-46.6825877
-23.5356906,-46.6865458
-23.5366164,-46.6855888
-23.5369498,-46.6855155
-23.5371151,-46.6854143
-23.5303405,-46.6811405
-23.5379011,-46.686186
-23.5361387,-46.6848497
-23.5330502,-46.6826294
-23.5419001,-46.6818766
-23.5414482,-46.6822842
-23.5411963,-46.6824731
-23.5400701,-46.6829589
-23.5341371,-46.6837959
-23.5366394,-46.6837902
-23.5338296,-46.6815237
-23.5322492,-46.6814655
-23.5357307,-46.6845941
-23.5666923,-46.5116852
-23.6847135,-46.7436056
-23.5301139,-46.6781939
-23.5319904,-46.679148
-23.532579,-46.6782021
-23.5412222,-46.67644
-23.5381537,-46.6832457
-23.5419263,-46.6859767
-23.5419017,-46.6858214
-23.5320793,-46.6774852
-23.5467504,-46.6899407
-23.5461295,-46.6909206
-23.5428698,-46.6866397
-23.5330059,-46.6788607
-23.5336346,-46.6789513
-23.6836585,-46.745024
-23.6818793,-46.7451899
-23.6820876,-46.7451279
-23.6833398,-46.7450363
-23.6830898,-46.7450051
-23.6820002,-46.7449453
-23.5353461,-46.6790709
-23.5315897,-46.7170237
-23.6181171,-46.6361704
-23.6181292,-46.636127
-23.5294359,-46.5402539
-23.5585386,-46.5944734
-23.5631412,-46.5851009
-23.561711,-46.5877095
-23.5601812,-46.5869116
-23.5608606,-46.5933285
-23.5408215,-46.6389161
-23.5407244,-46.6389484
-23.5421886,-46.6376439
-23.5411,-46.6371457
-23.5411038,-46.6373926
-23.5579279,-46.6000868
-23.5647486,-46.5968527
-23.5686545,-46.5843616
-23.5699528,-46.5914464
-23.5698913,-46.5915081
-23.5694304,-46.5919732
-23.7168659,-46.6878351
-23.562885,-46.5819699
-23.4982843,-46.6753822
-23.4983392,-46.6752847
-23.6387552,-46.6250899
-23.5678933,-46.5897234
-23.5422331,-46.6834489
-23.5325839,-46.6770118
-23.5358722,-46.6789204
-23.5594159,-46.7317898
-23.538343,-46.6806593
-23.5394211,-46.6813612
-23.5395828,-46.6811055
-23.5398772,-46.6812525
-23.5405584,-46.6822162
-23.5023615,-46.6234298
-23.5024268,-46.6234501
-23.5021809,-46.6234934
-23.5393768,-46.678669
-23.5335481,-46.6761431
-23.536375,-46.6764736
-23.5955279,-46.6763503
-23.5953898,-46.6763948
-23.594902,-46.6768912
-23.5948233,-46.6769344
-23.5369027,-46.6768991
-23.5948885,-46.6766141
-23.5392765,-46.6786314
-23.5357339,-46.6738614
-23.5373413,-46.6761994
-23.5353779,-46.6744604
-23.5350899,-46.6745383
-23.595384,-46.6774985
-23.5953944,-46.6775348
-23.5556662,-46.6664845
-23.5553725,-46.6670728
-23.5553578,-46.6671931
-23.5023411,-46.5910719
-23.4775151,-46.6053935
-23.4967029,-46.5862202
-23.5447109,-46.6236727
-23.5393126,-46.6078812
-23.5393027,-46.6078131
-23.5392908,-46.6077335
-23.539426,-46.6081015
-23.5393288,-46.6096828
-23.5410335,-46.5893695
-23.5502027,-46.5952464
-23.4610232,-46.5754264
-23.5702095,-46.6460566
-23.571972,-46.6450459
-23.5719554,-46.6450033
-23.5719471,-46.6449821
-23.5719222,-46.6449183
-23.5718894,-46.6448326
-23.5718413,-46.6447058
-23.5346296,-46.6697012
-23.5294051,-46.6676249
-23.5340463,-46.6658892
-23.6194081,-46.6564003
-23.4840649,-46.6185606
-23.4840985,-46.6181677
-23.5304868,-46.6666673
-23.5305281,-46.6665938
-23.5324231,-46.6729191
-23.5330368,-46.6719664
-23.5315607,-46.6636333
-23.5025627,-46.5730975
-23.5468629,-46.6196501
-23.5542076,-46.6046829
-23.5486664,-46.6092443
-23.5505195,-46.6064085
-23.5482003,-46.5940746
-23.5503028,-46.5951956
-23.5508723,-46.5958148
-23.5520823,-46.5959791
-23.5519546,-46.5961547
-23.5610063,-46.6027445
-23.5574371,-46.592373
-23.5605718,-46.5853178
-23.5623467,-46.599363
-23.5855962,-46.766019
-23.4828719,-46.6215839
-23.4922136,-46.6391766
-23.5001207,-46.6360259
-23.5196977,-46.6047211
-23.5192671,-46.6049897
-23.519337,-46.6049885
-23.5018423,-46.6262797
-23.5019045,-46.6262952
-23.5004907,-46.6386437
-23.6117554,-46.6568505
-23.6051779,-46.6632968
-23.6046983,-46.6628113
-23.6067741,-46.6647579
-23.6070299,-46.6651296
-23.5893878,-46.6813311
-23.5982675,-46.6735259
-23.6048026,-46.6648115
-23.6018087,-46.6587361
-23.6032723,-46.659759
-23.602956,-46.6602925
-23.6037404,-46.6593916
-23.6052969,-46.6573408
-23.6051746,-46.6587389
-23.6056058,-46.6561842
-23.6074287,-46.6546471
-23.6081205,-46.6586577
-23.6076521,-46.6594286
-23.6148787,-46.6587744
-23.6150551,-46.6590639
-23.6059722,-46.6606976
-23.6106601,-46.6646756
-23.6096266,-46.6060168
-23.6119148,-46.6613328
-23.6083181,-46.659293
-23.6083095,-46.6588659
-23.6090345,-46.6607933
-23.6092029,-46.6616166
-23.6101668,-46.6604385
-23.6113338,-46.6590541
-23.6093313,-46.6628517
-23.611802,-46.6596609
-23.6120896,-46.659846
-23.6088814,-46.665058
-23.6124057,-46.661187
-23.6126742,-46.6603951
-23.6141869,-46.6592081
-23.6099075,-46.6654789
-23.6100381,-46.6654305
-23.6116668,-46.6639378
-23.6115942,-46.6638771
-23.613017,-46.6617283
-23.6132706,-46.6613679
-23.6144242,-46.6598908
-23.6144422,-46.6638966
-23.6149382,-46.6632387
-23.6142411,-46.6652553
-23.6145103,-46.665649
-23.6103918,-46.6653235
-23.6134966,-46.6692151
-23.6037492,-46.6574495
-23.6056754,-46.6598313
-23.6058219,-46.6599803
-23.6063802,-46.6600705
-23.6081232,-46.6621206
-23.6104068,-46.6644275
-23.6047256,-46.6569908
-23.6049323,-46.6570345
-23.6045267,-46.6571327
-23.607826,-46.6602761
-23.6099981,-46.662394
-23.6132491,-46.6655283
-23.612968,-46.6651155
-23.6056395,-46.6566731
-23.6077421,-46.6587332
-23.6089534,-46.659476
-23.6075166,-46.6551352
-23.6110805,-46.6588304
-23.611626,-46.6589831
-23.6118663,-46.6595866
-23.606757,-46.6668083
-23.6028911,-46.6649518
-23.6013293,-46.6622316
-23.60157,-46.6620425
-23.6040565,-46.6697729
-23.604576,-46.6687223
-23.6024775,-46.6633792
-23.6017735,-46.6618427
-23.5963661,-46.4226581
-23.605353,-46.6677221
-23.457029,-46.6490786
-23.4635391,-46.6538181
-23.6001693,-46.6666521
-23.6039369,-46.6710807
-23.6041625,-46.6709977
-23.6043921,-46.6707007
-23.6031604,-46.6642073
-23.603062,-46.6642524
-23.6029133,-46.6637918
-23.6043549,-46.665122
-23.6048805,-46.6734651
-23.6027153,-46.6714927
-23.6025968,-46.6716417
-23.6024139,-46.6662777
-23.6016028,-46.6737803
-23.6015212,-46.6697799
-23.599593,-46.6314862
-23.6101727,-46.6883496
-23.6101241,-46.6882981
-23.6095864,-46.6878104
-23.5330216,-46.6165228
-23.6669104,-46.6949578
-23.6148503,-46.6817422
-23.4989137,-46.5983014
-23.5294656,-46.6170865
-23.5408879,-46.6522413
-23.5632078,-46.6497635
-23.5548535,-46.685575
-23.56507,-46.4761602
-23.531183,-46.6157156
-23.496638,-46.5759755
-23.4779675,-46.5755074
-23.5395274,-46.6332517
-23.6563154,-46.6947664
-23.6561168,-46.6947014
-23.5198258,-46.5910944
-23.5199827,-46.5912184
-23.5399829,-46.595822
-23.5403811,-46.5952621
-23.5488947,-46.5658461
-23.5245595,-46.5943636
-23.5744746,-46.6475776
-23.5538581,-46.6958545
-23.4925738,-46.7374258
-23.4936554,-46.7396666
-23.4937388,-46.7395817
-23.5080766,-46.7328516
-23.4815163,-46.5718217
-23.5420079,-46.6302888
-23.5283077,-46.508771
-23.5060318,-46.6032654
-23.5060158,-46.6033126
-23.4953403,-46.5867722
-23.6212341,-46.6894427
-23.582158,-46.6793823
-23.5821837,-46.6794874
-23.6572149,-46.6542052
-23.6572662,-46.6542726
-23.5370437,-46.6535893
-23.4995128,-46.7062668
-23.4997503,-46.7061905
-23.5609943,-46.5186238
-23.5716625,-46.510715
-23.5718223,-46.5108813
-23.5728954,-46.5410559
-23.5850967,-46.5194785
-23.500357,-46.7343136
-23.5079469,-46.7344401
-23.5901074,-46.6785033
-23.5469227,-46.6536879
-23.5379672,-46.6347805
-23.5379644,-46.6348736
-23.5340926,-46.600566
-23.5555948,-46.6351655
-23.5554625,-46.6343397
-23.5584091,-46.6341298
-23.5544484,-46.6405236
-23.5564183,-46.6397671
-23.4987758,-46.5947755
-23.4989729,-46.5950015
-23.4730817,-46.7419259
-23.5552753,-46.6570241
-23.494881,-46.5806719
-23.4949007,-46.5805361
-23.4951891,-46.581075
-23.5025288,-46.6234639
-23.4908306,-46.586046
-23.569755,-46.4882312
-23.5694687,-46.4872439
-23.5460687,-46.4813733
-23.5266802,-46.405681
-23.5362656,-46.416516
-23.5498766,-46.5342792
-23.579842,-46.6332982
-23.5254654,-46.5909396
-23.5057847,-46.6907556
-23.5056122,-46.6885425
-23.4955227,-46.6300434
-23.5572023,-46.5448459
-23.5036505,-46.7068967
-23.501953,-46.6234347
-23.5375828,-46.6138004
-23.5381391,-46.612956
-23.5387342,-46.6120252
-23.5828643,-46.681719
-23.543302,-46.6728399
-23.543254,-46.6729153
-23.5427087,-46.6722498
-23.5466212,-46.5896898
-23.5375784,-46.6448571
-23.5366969,-46.646248
-23.5340295,-46.6482342
-23.5338878,-46.6479948
-23.5339034,-46.6484294
-23.646167,-46.668206
-23.543952,-46.592096
-23.5449534,-46.5891703
-23.5338844,-46.6672175
-23.5346033,-46.6659592
-23.534941,-46.665936
-23.5409389,-46.4259264
-23.5303481,-46.4440326
-23.5306892,-46.4386282
-23.5431649,-46.6163902
-23.5600366,-46.5313968
-23.5662523,-46.6487099
-23.5662703,-46.6483523
-23.5638134,-46.6517039
-23.5675411,-46.6573327
-23.5680303,-46.6577848
-23.5896385,-46.6702107
-23.5726278,-46.6571255
-23.559634,-46.6524598
-23.6439628,-46.6669567
-23.5661688,-46.6657102
-23.6484625,-46.6674936
-23.5699476,-46.6328334
-23.4995539,-46.5910586
-23.5658091,-46.6815952
-23.5618337,-46.6461998
-23.5621478,-46.6461913
-23.56073,-46.6463336
-23.5600186,-46.6464017
-23.5589485,-46.6462572
-23.5590463,-46.6465052
-23.5587314,-46.6465369
-23.5585747,-46.6465641
-23.5581336,-46.6465939
-23.5641402,-46.6494011
-23.5618893,-46.6517106
-23.5624953,-46.6509946
-23.5641084,-46.6490015
-23.6328041,-46.6376592
-23.6163095,-46.6390346
-23.6219038,-46.6397455
-23.6217456,-46.6397226
-23.5593985,-46.6426716
-23.5520158,-46.6434689
-23.5512597,-46.6435459
-23.5510143,-46.6429358
-23.550917,-46.6426952
-23.5522741,-46.6281708
-23.5232261,-46.5148344
-23.5580861,-46.6327702
-23.5633103,-46.6326731
-23.5029113,-46.5905487
-23.5462548,-46.6344365
-23.5350786,-46.6299556
-23.5473484,-46.6395668
-23.5102894,-46.4291418
-23.5171617,-46.4751614
-23.5394591,-46.4829256
-23.5001802,-46.5246236
-23.5001793,-46.524917
-23.6467131,-46.6700625
-23.5510544,-46.4812496
-23.5145545,-46.5424934
-23.5326453,-46.5356249
-23.5200733,-46.6678503
-23.5296487,-46.6882813
-23.4867263,-46.6190732
-23.6472748,-46.6702267
-23.4814959,-46.5880592
-23.4812193,-46.5875919
-23.5990597,-46.4993623
-23.6897638,-46.7142603
-23.6896809,-46.7142579
-23.6958015,-46.7145687
-23.5640212,-46.6388267
-23.5427635,-46.6544257
-23.5231049,-46.4744018
-23.5121909,-46.4768017
-23.511826,-46.4773514
-23.5070573,-46.4777486
-23.5063575,-46.4764182
-23.5273477,-46.4741154
-23.5307816,-46.4733399
-23.5219713,-46.5394703
-23.5221203,-46.526794
-23.5229549,-46.5246088
-23.5556214,-46.6468031
-23.4492046,-46.722537
-23.5599822,-46.6964333
-23.5663177,-46.6954334
-23.5683578,-46.6921509
-23.5685827,-46.6920133
-23.4855969,-46.604571
-23.5151873,-46.6212958
-23.5144356,-46.6232088
-23.5162614,-46.6258635
-23.5162211,-46.6257441
-23.5162063,-46.6258295
-23.5185276,-46.5900795
-23.5290661,-46.6399408
-23.5284822,-46.6357451
-23.555589,-46.6348567
-23.5555916,-46.6349927
-23.5555869,-46.6349266
-23.5556979,-46.6345671
-23.5719794,-46.6442304
-23.5722075,-46.6441361
-23.5557131,-46.6574969
-23.5625194,-46.658899
-23.5624772,-46.6588475
-23.5624427,-46.658812
-23.5623758,-46.6587513
-23.5624168,-46.6590589
-23.5622767,-46.6595265
-23.562246,-46.6595628
-23.562216,-46.6595976
-23.5674734,-46.700724
-23.5675102,-46.7006092
-23.5676198,-46.7001915
-23.5679827,-46.7002171
-23.5665201,-46.7010487
-23.5361627,-46.6501945
-23.6059372,-46.5218787
-23.533015,-46.6527772
-23.5326791,-46.6527713
-23.538106,-46.6481675
-23.5331104,-46.6304087
-23.5328604,-46.6314198
-23.5326137,-46.6323529
-23.5314819,-46.4150847
-23.5041514,-46.6072762
-23.5222487,-46.6633552
-23.5222332,-46.6634456
-23.5331609,-46.6680131
-23.5332356,-46.6676166
-23.5291616,-46.6715966
-23.5287258,-46.6718683
-23.5447257,-46.6309782
-23.4599806,-46.6748493
-23.5552669,-46.6314532
-23.5522832,-46.6276745
-23.5596094,-46.6311333
-23.4874028,-46.7152523
-23.4635652,-46.7128874
-23.4958428,-46.5857479
-23.6135984,-46.6384274
-23.6182844,-46.6353249
-23.5530132,-46.6277268
-23.4958506,-46.6323487
-23.5086445,-46.6059875
-23.5086085,-46.6060637
-23.4861755,-46.6750344
-23.4798044,-46.6379507
-23.5031986,-46.6254208
-23.5029844,-46.6253163
-23.5032533,-46.6250994
-23.5032616,-46.6250384
-23.6034314,-46.6260157
-23.6037542,-46.6261435
-23.6026819,-46.636487
-23.5038549,-46.6612524
-23.5729268,-46.5870798
-23.5806898,-46.5855298
-23.5814442,-46.5860094
-23.5815129,-46.5862887
-23.5809801,-46.5839351
-23.5306986,-46.6019536
-23.5305658,-46.6019988
-23.509388,-46.6263192
-23.5064337,-46.626152
-23.5051267,-46.6259699
-23.5044319,-46.6250904
-23.5132339,-46.610358
-23.5005945,-46.5898242
-23.5004447,-46.5896477
-23.4965858,-46.5792584
-23.4965499,-46.5793445
-23.5336508,-46.6476624
-23.5321074,-46.651813
-23.5337575,-46.6535532
-23.5341054,-46.6527056
-23.5338504,-46.6550028
-23.5339079,-46.6549146
-23.5333494,-46.6571536
-23.5333968,-46.6566301
-23.5346771,-46.6607789
-23.5390023,-46.658089
-23.5371946,-46.6577353
-23.537527,-46.6578425
-23.5389025,-46.6584354
-23.5358029,-46.6582976
-23.5350379,-46.6598644
-23.5733092,-46.6439066
-23.5372286,-46.6548572
-23.5414253,-46.6558826
-23.5413905,-46.6559934
-23.5413624,-46.6560793
-23.5412675,-46.6562054
-23.5393908,-46.6568555
-23.5393001,-46.6571891
-23.5325289,-46.6520397
-23.5321557,-46.6601503
-23.5360168,-46.6608476
-23.5446533,-46.6620506
-23.5464376,-46.6577734
-23.5429417,-46.6593309
-23.566631,-46.6540779
-23.5665712,-46.6541625
-23.5665422,-46.6541996
-23.5664965,-46.654258
-23.5664355,-46.6543298
-23.5584367,-46.6638751
-23.5609545,-46.660679
-23.5548108,-46.6550691
-23.5424986,-46.6560302
-23.538209,-46.6515028
-23.5471523,-46.6587339
-23.5447749,-46.6609459
-23.5449398,-46.6614139
-23.5463722,-46.6589686
-23.5527843,-46.6564005
-23.5529628,-46.6590898
-23.550223,-46.6605474
-23.5531619,-46.660157
-23.5536327,-46.6595413
-23.5534171,-46.6597517
-23.5541018,-46.6593447
-23.6348286,-46.6373191
-23.5577558,-46.6627802
-23.5588459,-46.6615233
-23.559686,-46.6605675
-23.5618286,-46.6581784
-23.5644593,-46.6547833
-23.564524,-46.6547062
-23.5643858,-46.654871
-23.5666138,-46.6482695
-23.5667545,-46.6480911
-23.5671727,-46.6486021
-23.567122,-46.6485745
-23.566792,-46.6483877
-23.5668322,-46.6484106
-23.566947,-46.6484781
-23.5070192,-46.5896481
-23.5454279,-46.6519485
-23.5835637,-46.6278291
-23.5657647,-46.6534944
-23.5669722,-46.6520873
-23.5689156,-46.6496289
-23.5691675,-46.649356
-23.5546978,-46.655183
-23.5560243,-46.6565826
-23.5563525,-46.656893
-23.5243154,-46.6301209
-23.5242268,-46.6295633
-23.5013353,-46.687304
-23.4903622,-46.6855042
-23.5812508,-46.4100437
-23.5726734,-46.6468659
-23.5647906,-46.6705168
-23.5644463,-46.6701509
-23.5643832,-46.6700749
-23.5636812,-46.6693621
-23.5619344,-46.6675353
-23.5614437,-46.6670219
-23.5612335,-46.66681
-23.5590559,-46.6645156
-23.5544996,-46.6598061
-23.5548991,-46.659642
-23.5547652,-46.6597954
-23.5579323,-46.6618344
-23.557862,-46.6617622
-23.5587874,-46.6627392
-23.560057,-46.6640941
-23.5611885,-46.664632
-23.5603531,-46.6640924
-23.5602569,-46.6639911
-23.5602201,-46.6639539
-23.5561977,-46.6600229
-23.5586353,-46.6583703
-23.5628097,-46.6669598
-23.5430668,-46.7411663
-23.5644188,-46.6647665
-23.5664697,-46.6668006
-23.5318651,-46.4952294
-23.5663884,-46.6648917
-23.5656651,-46.6636865
-23.5659176,-46.6639235
-23.5659757,-46.6639807
-23.5677259,-46.6639304
-23.5677854,-46.6638925
-23.5677179,-46.6635685
-23.5682331,-46.6629842
-23.568303,-46.6629058
-23.5684002,-46.6627852
-23.5552958,-46.6553091
-23.5565123,-46.6554548
-23.5566641,-46.6554536
-23.5574669,-46.6553619
-23.5639831,-46.6659645
-23.5665622,-46.6630914
-23.5682905,-46.6648345
-23.5497311,-46.6539465
-23.5635712,-46.6641667
-23.5661732,-46.6623363
-23.5662304,-46.6624039
-23.5872065,-46.7365525
-23.544219,-46.7456155
-23.5444996,-46.7441849
-23.5454258,-46.7462558
-23.7428812,-46.6621955
-23.5439924,-46.7463528
-23.5665243,-46.6485024
-23.5666246,-46.6485703
-23.5669343,-46.6487614
-23.5671872,-46.6489004
-23.567327,-46.648974
-23.5476462,-46.7439244
-23.5477873,-46.743769
-23.5700436,-46.6515435
-23.5707455,-46.652283
-23.5709644,-46.6525534
-23.5727658,-46.6551219
-23.5661068,-46.6470793
-23.5659225,-46.6467064
-23.5459015,-46.7467943
-23.5689561,-46.6500184
-23.5693172,-46.6502744
-23.5692503,-46.6503149
-23.5692884,-46.6503539
-23.5718553,-46.6530733
-23.5728498,-46.6542388
-23.5536064,-46.6381869
-23.5545424,-46.6387428
-23.5570499,-46.6403033
-23.5571084,-46.640352
-23.5571615,-46.6403956
-23.5573553,-46.64016
-23.5602983,-46.6626249
-23.5883265,-46.7178346
-23.574796,-46.6563228
-23.5712368,-46.6583022
-23.5712687,-46.6583341
-23.5740493,-46.6567827
-23.572834,-46.6562715
-23.572174,-46.6569935
-23.5699842,-46.6591878
-23.5668757,-46.6624137
-23.5670324,-46.6621547
-23.5664643,-46.6626824
-23.5665021,-46.6627246
-23.5643782,-46.665203
-23.5680973,-46.6614242
-23.5665012,-46.6633093
-23.5562044,-46.6525494
-23.5617684,-46.6518473
-23.5616858,-46.6517772
-23.5243819,-46.6029264
-23.5590871,-46.6518358
-23.56551,-46.6553658
-23.5660494,-46.6558992
-23.5697225,-46.6594621
-23.5722515,-46.6618989
-23.5723021,-46.6618986
-23.5644175,-46.654602
-23.5643576,-46.6545426
-23.5642777,-46.6544643
-23.5640169,-46.6542079
-23.5640466,-46.654237
-23.5640989,-46.6542888
-23.5650197,-46.6551905
-23.5656111,-46.6557205
-23.5670939,-46.6571878
-23.5671215,-46.6573076
-23.5679171,-46.6579869
-23.5682685,-46.6583227
-23.5685355,-46.6585919
-23.568602,-46.6586566
-23.5689171,-46.6589612
-23.5713546,-46.661313
-23.5620727,-46.665836
-23.5600037,-46.6679182
-23.5600796,-46.6677561
-23.5597432,-46.6682122
-23.5593774,-46.6685684
-23.559483,-46.6684455
-23.5592035,-46.6687442
-23.5609397,-46.666496
-23.5620391,-46.666212
-23.5619125,-46.6660218
-23.5338847,-46.6006729
-23.5718775,-46.6569688
-23.5355535,-46.6351731
-23.5697564,-46.6541847
-23.5438825,-46.6487918
-23.541482,-46.59358
-23.5427528,-46.5944274
-23.5531982,-46.6523388
-23.5531373,-46.6522192
-23.5521743,-46.6236625
-23.6237605,-46.739423
-23.5835706,-46.6046937
-23.5729572,-46.6524785
-23.5010623,-46.7200378
-23.5010107,-46.7199556
-23.5330149,-46.6543361
-23.5666283,-46.6607867
-23.5218631,-46.7418982
-23.5085951,-46.684797
-23.5086201,-46.6663691
-23.507224,-46.7038865
-23.4870632,-46.7356039
-23.5016919,-46.6237029
-23.5396714,-46.6692551
-23.5397169,-46.6692891
-23.5397631,-46.6693227
-23.5398086,-46.669357
-23.5203462,-46.6286662
-23.5136146,-46.6594184
-23.5198042,-46.6186036
-23.6204835,-46.6752013
-23.5417841,-46.5674718
-23.4942964,-46.6839875
-23.4945908,-46.6835826
-23.5149641,-46.6918658
-23.6140013,-46.5955856
-23.4969778,-46.6869965
-23.4967061,-46.6870299
-23.5036614,-46.6885266
-23.6008739,-46.6217557
-23.5607007,-46.7122885
-23.5542003,-46.6351459
-23.5536835,-46.6589587
-23.5448785,-46.6446988
-23.6066402,-46.6718326
-23.6071279,-46.671251
-23.6364371,-46.7119291
-23.6205033,-46.6030641
-23.6983527,-46.6481294
-23.4474876,-46.7353626
-23.4768128,-46.7213838
-23.693095,-46.660359
-23.5825995,-46.5622868
-23.5463262,-46.5040552
-23.5393057,-46.5145435
-23.5414319,-46.6458367
-23.6810036,-46.6324252
-23.4991978,-46.4400265
-23.4907878,-46.4636749
-23.5087024,-46.7618676
-23.5467331,-46.5494978
-23.4698697,-46.630268
-23.4713966,-46.6297279
-23.4788649,-46.6324898
-23.4576738,-46.613756
-23.4579884,-46.6152721
-23.4826767,-46.5833033
-23.4801681,-46.5859842
-23.4815286,-46.5822031
-23.4792614,-46.5819479
-23.4728431,-46.6305303
-23.5159021,-46.6382965
-23.4755175,-46.6349748
-23.4098539,-46.7513368
-23.6013662,-46.7195974
-23.5096826,-46.6737189
-23.5010227,-46.6243614
-23.4778296,-46.6430859
-23.5377181,-46.6328856
-23.5403069,-46.6497087
-23.5416058,-46.6488745
-23.5396828,-46.6497762
-23.5396522,-46.6497361
-23.5396189,-46.6496904
-23.540849,-46.6508695
-23.5382671,-46.6524443
-23.5233368,-46.6284871
-23.5248919,-46.6887075
-23.6202696,-46.5959247
-23.5508932,-46.6222602
-23.5512558,-46.6223696
-23.5376648,-46.6511026
-23.54286,-46.6479545
-23.5437796,-46.6453544
-23.5437806,-46.6453111
-23.543763,-46.646006
-23.5437598,-46.6461527
-23.5477769,-46.6591029
-23.5470421,-46.6596972
-23.5778256,-46.5145705
-23.5777738,-46.5146075
-23.5479507,-46.6390883
-23.523573,-46.7360949
-23.5427629,-46.6549148
-23.6206649,-46.6367064
-23.6225747,-46.6396588
-23.6216751,-46.6372834
-23.4462124,-46.6914887
-23.5439885,-46.7422587
-23.5467638,-46.7446403
-23.546777,-46.744664
-23.5467961,-46.7446917
-23.5454519,-46.6494828
-23.6203741,-46.6368845
-23.5468114,-46.7447233
-23.5454685,-46.7425081
-23.5989483,-46.4645806
-23.5960718,-46.4560214
-23.5454763,-46.7435011
-23.545171,-46.7435045
-23.6227423,-46.4151732
-23.6219961,-46.413736
-23.5950834,-46.4445042
-23.6168855,-46.7079568
-23.545493,-46.7425192
-23.5473073,-46.7422878
-23.5411823,-46.7466565
-23.5453166,-46.7425224
-23.54736,-46.7423133
-23.546232,-46.7421246
-23.5369932,-46.4951093
-23.5674307,-46.6905101
-23.5458912,-46.7416883
-23.5454843,-46.7443021
-23.5439199,-46.7415033
-23.5465365,-46.7435041
-23.5476356,-46.7406156
-23.5462031,-46.7419971
-23.5440688,-46.7415412
-23.5471325,-46.745386
-23.4381593,-46.5751453
-23.6152498,-46.6371481
-23.6152893,-46.6371287
-23.6180638,-46.6358355
-23.6151372,-46.6374586
-23.6150154,-46.6375156
-23.618097,-46.6354362
-23.6168938,-46.6347998
-23.616933,-46.6347814
-23.5430106,-46.6408157
-23.5429259,-46.6407099
-23.5427282,-46.6403743
-23.5425952,-46.6402595
-23.556931,-46.658826
-23.5619539,-46.6747977
-23.4694891,-46.6478051
-23.5126307,-46.5542006
-23.5293743,-46.7289902
-23.5293155,-46.7288937
-23.4512092,-46.6234367
-23.6313254,-46.5995732
-23.4894721,-46.6259758
-23.5949958,-46.6363093
-23.5760477,-46.6160745
-23.5762576,-46.6238507
-23.5765807,-46.6234513
-23.5256122,-46.7031671
-23.6232655,-46.6625623
-23.6203638,-46.6641987
-23.6878476,-46.7036471
-23.6873536,-46.7038841
-23.5460929,-46.6215873
-23.4873491,-46.6143037
-23.4872803,-46.6143032
-23.487245,-46.6143032
-23.479389,-46.5821882
-23.4793206,-46.5840996
-23.5336726,-46.5228676
-23.6128749,-46.4719565
-23.5541817,-46.5905939
-23.5549106,-46.5901968
-23.5503301,-46.4158108
-23.54602,-46.4091142
-23.6035277,-46.6145975
-23.6008705,-46.6002845
-23.6011176,-46.6002824
-23.5989334,-46.6004114
-23.5911622,-46.6012033
-23.5937092,-46.5980635
-23.5709302,-46.4904934
-23.5143267,-46.5937498
-23.5618829,-46.6792301
-23.5618548,-46.6793103
-23.5395102,-46.6334272
-23.5409213,-46.5929881
-23.5409022,-46.592944
-23.5553322,-46.6077033
-23.5555316,-46.6077368
-23.5549215,-46.607369
-23.5669554,-46.5992308
-23.5930187,-46.6066966
-23.5847886,-46.6075247
-23.4712509,-46.6522315
-23.4788784,-46.5837423
-23.5774203,-46.6410791
-23.5548487,-46.6885174
-23.582069,-46.638711
-23.5920079,-46.6422857
-23.5289171,-46.494983
-23.5231491,-46.5003417
-23.5274726,-46.5018635
-23.527262,-46.5019993
-23.5272869,-46.5046554
-23.5245184,-46.5061273
-23.5880789,-46.7390898
-23.5799909,-46.7211196
-23.5888814,-46.7378247
-23.5877102,-46.7370179
-23.5969006,-46.6464449
-23.5966676,-46.646638
-23.5965313,-46.6479434
-23.493242,-46.5829746
-23.5402147,-46.6518463
-23.5404763,-46.6495739
-23.541033,-46.6496534
-23.4692612,-46.6302899
-23.6009483,-46.7327547
-23.6335483,-46.7219181
-23.6110276,-46.7341742
-23.6111124,-46.7335525
-23.587904,-46.7177126
-23.6173712,-46.7090629
-23.6174955,-46.7086836
-23.6171542,-46.7114057
-23.6155724,-46.7023257
-23.6155916,-46.7023466
-23.6126833,-46.7031588
-23.6099239,-46.7057626
-23.609468,-46.7067299
-23.6081833,-46.7077419
-23.6080143,-46.7077943
-23.6067445,-46.7082683
-23.594932,-46.7078631
-23.5163658,-46.5683886
-23.5690866,-46.699171
-23.5832933,-46.7157435
-23.5399665,-46.6549183
-23.5399786,-46.6525204
-23.5168187,-46.5674898
-23.5168902,-46.5675338
-23.5170311,-46.5675442
-23.5170838,-46.5675447
-23.6103417,-46.7038435
-23.5193808,-46.4372312
-23.5750585,-46.6163156
-23.5748247,-46.6230684
-23.5643785,-46.6817707
-23.5263799,-46.6601374
-23.526457,-46.6600246
-23.5043591,-46.6118187
-23.5055171,-46.611684
-23.4886986,-46.5869904
-23.4875186,-46.6139412
-23.4875193,-46.6137453
-23.5567755,-46.6908442
-23.5330539,-46.7182191
-23.479302,-46.5844598
-23.4775844,-46.5844812
-23.4795751,-46.5838411
-23.4795963,-46.5837657
-23.479786,-46.5831433
-23.5894022,-46.7156436
-23.5885353,-46.7161012
-23.5900387,-46.7158647
-23.4900525,-46.5893416
-23.5843078,-46.6042457
-23.58609,-46.6039139
-23.5868874,-46.6043745
-23.5961949,-46.6060533
-23.57954,-46.7111023
-23.4918133,-46.5815046
-23.5863288,-46.5577861
-23.5348687,-46.5787486
-23.5780421,-46.7493051
-23.526241,-46.6061624
-23.5263344,-46.6061661
-23.582811,-46.7130688
-23.4980183,-46.5957614
-23.505926,-46.5981694
-23.5055562,-46.597947
-23.5780996,-46.7437262
-23.5870624,-46.6480391
-23.4657877,-46.5860723
-23.4661144,-46.5858266
-23.4662761,-46.5857011
-23.466322,-46.5856661
-23.6141154,-46.6866795
-23.6117872,-46.6816458
-23.6132068,-46.6827275
-23.5284968,-46.6215821
-23.5347067,-46.6232542
-23.5367379,-46.6205626
-23.5405841,-46.6382955
-23.5403374,-46.6379089
-23.5321334,-46.6235341
-23.4774891,-46.5841839
-23.6449846,-46.6451521
-23.5430387,-46.6366553
-23.542843,-46.6366431
-23.6031892,-46.636524
-23.4987619,-46.5886787
-23.6486795,-46.6690404
-23.5207594,-46.4186494
-23.5204562,-46.4190345
-23.5897184,-46.6869997
-23.547925,-46.6305957
-23.5484093,-46.6302559
-23.5639582,-46.5185382
-23.5363541,-46.6522944
-23.4928146,-46.5704759
-23.5408234,-46.6134287
-23.6321426,-46.7046546
-23.6303544,-46.7068543
-23.5222705,-46.6870824
-23.5398133,-46.6567206
-23.5674185,-46.7480252
-23.5739753,-46.7269876
-23.5737083,-46.7264413
-23.4868692,-46.6330498
-23.5089248,-46.4440409
-23.6398794,-46.598496
-23.5391876,-46.6526154
-23.5532262,-46.6588124
-23.5532897,-46.6587117
-23.5533572,-46.6586288
-23.5534258,-46.6585558
-23.5531566,-46.6585765
-23.553119,-46.6586188
-23.5530313,-46.6587245
-23.5529935,-46.6587748
-23.5529139,-46.6588614
-23.5535412,-46.6599269
-23.6177765,-46.6373817
-23.5855062,-46.6439509
-23.5425219,-46.6386339
-23.6133243,-46.6411277
-23.5275557,-46.6155618
-23.5298694,-46.6149597
-23.5319318,-46.6176081
-23.528536,-46.6088892
-23.5318692,-46.6880312
-23.6958615,-46.6689315
-23.584478,-46.6736427
-23.5843753,-46.6733305
-23.5395731,-46.6731952
-23.5370507,-46.653311
-23.5029075,-46.6199497
-23.5721398,-46.6591728
-23.5346871,-46.6871467
-23.6292341,-46.7689278
-23.5756341,-46.7068593
-23.5765678,-46.7072363
-23.6320921,-46.6815936
-23.632895,-46.679881
-23.623201,-46.6521269
-23.6386203,-46.6772351
-23.4821651,-46.589332
-23.4874818,-46.5803226
-23.4864988,-46.5817313
-23.5217994,-46.7016382
-23.6247348,-46.6825221
-23.6249579,-46.6830396
-23.5237012,-46.7006376
-23.5217931,-46.6876063
-23.5277511,-46.7034518
-23.5064256,-46.4888124
-23.6455373,-46.6418738
-23.5218311,-46.6665531
-23.5217683,-46.6664221
-23.4774277,-46.5642152
-23.4759742,-46.5713116
-23.4761571,-46.572175
-23.5189101,-46.6688067
-23.5239277,-46.6654595
-23.5930818,-46.6837998
-23.5945831,-46.4388356
-23.8821631,-46.7284485
-23.5534957,-46.5688828
-23.6236331,-46.6202504
-23.5772721,-46.5159556
-23.4982614,-46.461688
-23.5402136,-46.6636062
-23.498131,-46.5949906
-23.4976446,-46.5943354
-23.5007835,-46.6009309
-23.5515084,-46.6912517
-23.5516395,-46.6915095
-23.5719843,-46.6450775
-23.5720006,-46.6451193
-23.572038,-46.6452152
-23.5719642,-46.6454071
-23.5720243,-46.6453209
-23.5718479,-46.6455567
-23.5718127,-46.6456022
-23.6392356,-46.6625607
-23.6394788,-46.6623899
-23.641955,-46.6661795
-23.6419125,-46.6660904
-23.6407873,-46.6680757
-23.5238232,-46.60507
-23.4908903,-46.6122933
-23.5617937,-46.6278498
-23.5901373,-46.7176762
-23.5395964,-46.6971434
-23.5400167,-46.7043483
-23.4926949,-46.608959
-23.492615,-46.6084553
-23.4926046,-46.6093527
-23.4928509,-46.6093695
-23.4921277,-46.6019078
-23.4832414,-46.5842461
-23.487043,-46.5820157
-23.5790644,-46.5796728
-23.5703354,-46.7119443
-23.7650697,-46.7171958
-23.5550079,-46.6516671
-23.5576865,-46.6555147
-23.4949743,-46.6917693
-23.5593219,-46.4955068
-23.5396745,-46.6504049
-23.5541782,-46.6542243
-23.5601949,-46.6694664
-23.5346345,-46.6549495
-23.5353118,-46.6540379
-23.4834127,-46.6335957
-23.4862504,-46.5817196
-23.5342321,-46.6258923
-23.4956601,-46.5867006
-23.479355,-46.581942
-23.4920156,-46.584357
-23.4918948,-46.5845015
-23.4919797,-46.5813497
-23.4839317,-46.584626
-23.4798875,-46.581897
-23.4794663,-46.5818814
-23.4798065,-46.5817021
-23.4689892,-46.5766502
-23.4822687,-46.5834793
-23.5280851,-46.6132961
-23.5243902,-46.7377219
-23.617651,-46.7264739
-23.6167052,-46.7251502
-23.6167436,-46.7263244
-23.616771,-46.7260749
-23.617471,-46.7268076
-23.6174692,-46.7269468
-23.6171889,-46.7267206
-23.6167056,-46.7266406
-23.6165655,-46.726421
-23.6163837,-46.7210663
-23.5886066,-46.6396641
-23.5890573,-46.639086
-23.5895327,-46.6392594
-23.4798337,-46.5951227
-23.5192281,-46.6729983
-23.5220748,-46.6654781
-23.5950596,-46.6887544
-23.5951246,-46.6887791
-23.5953187,-46.6880978
-23.635994,-46.7693453
-23.5946057,-46.6905791
-23.4981541,-46.5725579
-23.573885,-46.7770718
-23.5740627,-46.7795012
-23.4794415,-46.5821734
-23.4861563,-46.5818302
-23.4874859,-46.5824863
-23.6155582,-46.6368828
-23.5238423,-46.6913361
-23.5157062,-46.6957825
-23.5162388,-46.6977847
-23.515596,-46.6971447
-23.5320007,-46.7325148
-23.5319444,-46.732713
-23.4803384,-46.5806639
-23.5477993,-46.5091972
-23.5660282,-46.6699129
-23.5660749,-46.6960796
-23.5662644,-46.6960963
-23.56624,-46.6958711
-23.6166951,-46.6642743
-23.6165237,-46.6648287
-23.4877506,-46.5830711
-23.4876899,-46.5829997
-23.6147818,-46.7241124
-23.6144598,-46.7245616
-23.615489,-46.7241519
-23.6185786,-46.6182136
-23.5907133,-46.6836435
-23.4988089,-46.5882479
-23.5591119,-46.489689
-23.4494069,-46.6981385
-23.7267389,-46.6776466
-23.6296738,-46.6273829
-23.6389367,-46.6687568
-23.5717062,-46.6546264
-23.556512,-46.6878931
-23.5563811,-46.6876652
-23.5563459,-46.6876075
-23.6039701,-46.6303683
-23.5689303,-46.7147372
-23.5689671,-46.7146185
-23.5053549,-46.5769887
-23.5255387,-46.6554907
-23.629678,-46.6042281
-23.5076564,-46.665738
-23.6953412,-46.7001942
-23.5559127,-46.657722
-23.5699256,-46.4877752
-23.6666399,-46.791479
-23.6037835,-46.6297533
-23.5361504,-46.5755821
-23.5361483,-46.5753545
-23.5377935,-46.5753971
-23.5305515,-46.5654621
-23.6768112,-46.7897391
-23.6731632,-46.7943755
-23.5349081,-46.5684056
-23.6042269,-46.6907147
-23.4873009,-46.652969
-23.4876357,-46.6526944
-23.5298764,-46.5657031
-23.6617147,-46.7638237
-23.5325754,-46.5700421
-23.5328313,-46.5699268
-23.5333051,-46.5760759
-23.531822,-46.5798142
-23.5300985,-46.5597453
-23.6477626,-46.7630545
-23.6541027,-46.7691839
-23.5368664,-46.5619828
-23.5374071,-46.5653686
-23.5419796,-46.5898045
-23.6651471,-46.7926059
-23.6703707,-46.7660737
-23.5506389,-46.6240319
-23.5526789,-46.5669594
-23.5429931,-46.5670109
-23.5425493,-46.5705581
-23.5531531,-46.5786791
-23.5816603,-46.4108475
-23.5765293,-46.4156117
-23.5342081,-46.6863144
-23.6302529,-46.6909809
-23.6446958,-46.6739872
-23.6223747,-46.6852894
-23.5420849,-46.6299883
-23.5420787,-46.6297613
-23.5420072,-46.6293757
-23.5421292,-46.6298684
-23.5417373,-46.6292627
-23.5417549,-46.629215
-23.5414099,-46.6291057
-23.541256,-46.6291517
-23.5418176,-46.6294046
-23.5414744,-46.6297718
-23.5414838,-46.6295946
-23.541787,-46.6293911
-23.5418916,-46.6295939
-23.5420636,-46.6294005
-23.5415245,-46.6292356
-23.5419661,-46.6298991
-23.5421068,-46.6297491
-23.5414517,-46.6296088
-23.5413966,-46.6295856
-23.54212,-46.6297134
-23.5417614,-46.6295626
-23.5417192,-46.6293121
-23.5415365,-46.6296033
-23.5420063,-46.6299573
-23.5414923,-46.6292757
-23.5421954,-46.6294457
-23.5416255,-46.6296629
-23.5421979,-46.6295029
-23.5415718,-46.6298075
-23.5421055,-46.6298709
-23.5419282,-46.629588
-23.5418872,-46.6296991
-23.541978,-46.6296319
-23.541717,-46.629836
-23.5420913,-46.6300997
-23.5419371,-46.6294696
-23.5420418,-46.6297575
-23.5419916,-46.6298911
-23.5417406,-46.6299429
-23.5418576,-46.6296861
-23.5418894,-46.63001
-23.5416498,-46.6298839
-23.5418568,-46.6297819
-23.5417926,-46.6291427
-23.5419143,-46.6296257
-23.5422272,-46.6295421
-23.5421712,-46.6299086
-23.5419004,-46.629663
-23.5418709,-46.62965
-23.5419436,-46.6298197
-23.5419968,-46.6298161
-23.5422135,-46.6296096
-23.5418368,-46.6295415
-23.5417798,-46.6292454
-23.5417537,-46.6297367
-23.5421223,-46.6300409
-23.5420085,-46.6296452
-23.5421596,-46.6297867
-23.5421331,-46.6296777
-23.5420703,-46.6299664
-23.5418025,-46.6296656
-23.5420923,-46.6297244
-23.5417738,-46.6297455
-23.5421038,-46.6293878
-23.541584,-46.6292546
-23.542004,-46.6300615
-23.5418159,-46.6296293
-23.5420253,-46.6299059
-23.5415526,-46.6298601
-23.5420688,-46.6297879
-23.5418271,-46.6297688
-23.5416573,-46.6293044
-23.5415483,-46.6291247
-23.5420224,-46.6299774
-23.5412876,-46.6290669
-23.5413261,-46.629069
-23.5414926,-46.6292215
-23.5412445,-46.6291827
-23.5415953,-46.6292239
-23.5420641,-46.6294951
-23.5420456,-46.6296849
-23.5422366,-46.6295783
-23.5422686,-46.6294563
-23.5423085,-46.6295227
-23.5414049,-46.6295629
-23.5423372,-46.6294192
-23.5420253,-46.6297396
-23.5415135,-46.629843
-23.5417998,-46.6296109
-23.5421698,-46.6297231
-23.5416358,-46.6291646
-23.5418328,-46.6295832
-23.5420471,-46.6298473
-23.5417373,-46.6298449
-23.5420542,-46.6298916
-23.5418693,-46.6294554
-23.5413283,-46.6293402
-23.5422692,-46.6296301
-23.5420824,-46.6294459
-23.5418374,-46.6293512
-23.5421908,-46.6298558
-23.5415395,-46.6291951
-23.541825,-46.6299556
-23.542207,-46.6294142
-23.5417119,-46.6295908
-23.541413,-46.629541
-23.5412973,-46.6293441
-23.5420336,-46.6294817
-23.5417816,-46.6298825
-23.5419884,-46.6297005
-23.5419152,-46.629909
-23.5422359,-46.6297337
-23.5418444,-46.6299032
-23.5419716,-46.6294722
-23.541585,-46.6293085
-23.5416934,-46.6290985
-23.5417614,-46.629129
-23.5418765,-46.6299391
-23.5416311,-46.6292253
-23.5421479,-46.6295743
-23.5417392,-46.629517
-23.5420929,-46.6297866
-23.5419578,-46.6296871
-23.5419726,-46.629373
-23.5422843,-46.6295892
-23.5422522,-46.6295363
-23.5416072,-46.6291915
-23.5421828,-46.6297237
-23.5415988,-46.6297349
-23.5422703,-46.629487
-23.5419445,-46.6297236
-23.5420621,-46.6297029
-23.5421094,-46.6296779
-23.5419195,-46.6293522
-23.5419865,-46.6300106
-23.5419436,-46.6299805
-23.5422109,-46.6298013
-23.5420349,-46.6295269
-23.5419138,-46.6293306
-23.5418835,-46.6294169
-23.542149,-46.6299686
-23.5420703,-46.6298484
-23.541904,-46.6298305
-23.5419625,-46.6300434
-23.5422462,-46.6293421
-23.5417939,-46.6293224
-23.5421365,-46.6291397
-23.5543782,-46.6359412
-23.5872661,-46.6405094
-23.6557345,-46.6918345
-23.5738441,-46.6123726
-23.5417267,-46.6715452
-23.5350966,-46.690969
-23.4848287,-46.6371257
-23.5644816,-46.5133477
-23.5945185,-46.5473513
-23.5815755,-46.5528716
-23.5601808,-46.5165188
-23.5886837,-46.5094698
-23.6008832,-46.6591414
-23.6040796,-46.6721984
-23.5494001,-46.6829208
-23.5596084,-46.4856179
-23.5414199,-46.4235617
-23.5502555,-46.4455569
-23.5516711,-46.4372046
-23.5102933,-46.4304627
-23.5534112,-46.4883252
-23.5328814,-46.5361389
-23.5633878,-46.5066666
-23.5145677,-46.4763156
-23.5274942,-46.4741208
-23.4490135,-46.7224898
-23.5657903,-46.6953289
-23.4861872,-46.7383626
-23.6036849,-46.6694388
-23.4585303,-46.614753
-23.5244925,-46.5741984
-23.523222,-46.57578
-23.5967405,-46.4348782
-23.4728005,-46.6083759
-23.4768826,-46.5659956
-23.5355099,-46.6274323
-23.528597,-46.5785165
-23.5023907,-46.6295526
-23.5027669,-46.6274172